...1,6th - 2015,...3,...4,...5,5th - 2010,...7,...8,4th - 2005,...10,...11,3rd cc - 2001,...13,...14,3rd - 2000,...16,...17,2nd - 1995 (EB44.2),...19,...20,...21,...22,1st - 1991 (EB35),...24,...25,...26,...27
Topic,EF qs,Label,Codes,Change,EF qs,Label,Codes,EF qs,Label,Codes,EF qs,Label,Codes,EF qs,Label,Codes,EB qs,EF qs,EF data,Label,Codes,EB qs,EF qs,EF data,Label,Codes
Household grid / # of people in HH,Q1,"Including yourself, can you please tell me how many people live in this household?","# Number of people living in household

99 - Refusal (spontaneous)",Trend 2005,HH1,"Including yourself, can you please tell me how many people live in this household?","# Number of people living in household

99 - Refusal (spontaneous)",HH1,"Including yourself, can you please tell me how many people live in this household?","# Number of people living in household

99 - Refusal (spontaneous)",EF12a,"How many people live in your household, including yourself, all adults and children ?","# Number of people living in household

99 - Refusal (spontaneous)",EF12,"How many people live in your household, including yourself, all adults and children ?","# Number of people living in household

99 - Refusal (spontaneous)",D12,Q39,hh1,"How many people live is your household, including yourself, all adults and children?","# Number of people living in household

99 - Refusal (spontaneous)",D14,-,hh1,"How many people live in your household, including yourself, all adults and children ?",# Number of people living in household
Household grid / R Sex,Q2a,[INTERVIEWER},"1 - Male
2 - Female

9 - Refusal",Trend 2005,HH2.a,[INTERVIEWER},"1 - Male
2 - Female

9 - Refusal",HH2.a,[INTERVIEWER},"1 - Male
2 - Female

9 - Refusal",EF10,GENDER,"1 - Male
2 - Female",EF10,SEX,"1 - Male
2 - Female",Q1,Q1,hh2a,Sex?,"1 - Male
2 - Female",D12,-,hh2a,SEX,"1 - Male
2 - Female"
Household grid / R Age,Q2b,"Starting with yourself, how old are you?","# Age

888 - DK/No opinion (spontaneous)
999 - Refusal (spontaneous)",Trend 2005,HH2.b,"Starting with yourself, how old are you?","# Age

888 - DK/No opinion (spontaneous)
999 - Refusal (spontaneous)",HH2.b,"Starting with yourself, how old are you?","# Age

888 - DK/No opinion (spontaneous)
999 - Refusal (spontaneous)",EF11,How old are you ?,# Age,EF11,How old are you?,# Age,Q2,Q2,hh2b,What age were you at your last birthday?,# Age,D13,-,hh2b,How old are you,# Age
Household grid / R Economic Activities,Q2c,Please look at this card and tell me which of these categories describes your current situation the best?,"01 - at work as employee or employer/self-employed
02 - at work as relative assisting on family farm or business *
03 - unemployed less than 12 months
04 - unemployed 12 months or more
05 - unable to work due to long-term illness or disability
06 - on child-care leave or other leave
07 - retired
08 - full time homemaker/ responsible for ordinary shopping and looking after the home 
09 - in full time education (at school, university, etc.) / student
10 - other

88 - DK/No opinion (spontaneous)
99 - Refusal (spontaneous)",Modified trend 2010,HH2.d,Please look at this card and tell me which of these categories describes your current situation the best?,"01 - at work as employee or employer/self-employed
02 - at work as relative assisting on family farm or business *
03 - unemployed less than 12 months
04 - unemployed 12 months or more
05 - unable to work due to long-term illness or disability
06 - on child-care leave or other leave
07 - retired
08 - full time homemaker/ responsible for ordinary shopping and looking after the home 
09 - in full time education (at school, university, etc.) / student
10 - other

88 - DK/No opinion (spontaneous)
99 - Refusal (spontaneous)",HH2.d,What is your  principal economic status?,"01 - at work as employee or employer/self-employed               
02 - at work,  on child-care leave or other leave                   
03 - at work as relative assisting on family farm or business *    
04 - unemployed less than 12 months
05 - unemployed 12 months or more
06 - unable to work due to long-term illness or disability
07 - retired
08 - full time homemaker/ responsible for ordinary shopping and looking after the home 
09 - in education (at school, university, etc.) / student
10 - other

88 - DK/No opinion (spontaneous)
99 - Refusal (spontaneous)",NA,NA,NA,NA,NA,NA,NA,NA,NA,NA,NA,NA,NA,NA,NA,NA
Household grid Part- / Full-time?,Q2d,And do you work part time or full time?,"1 - Part time
2 - Full time

8 - DK/No opinion (spontaneous)
9 - Refusal (spontaneous)",asked in household grid,NA,NA,NA,Q15a,Do you work part-time or full-time?,"1 - Part-time
2 - Full-time

9 - Refusal (spontaneous)",Q14a,Do you work part-time?,"1 - Yes
2 - No",Q17a,Do you work part-time?,"1 - Yes
2 - No",NA,NA,NA,NA,NA,NA,NA,NA,NA,NA
Household grid / Sex,Q3a,Could you tell me whether this is a male or a female?,"1 - Male
2 - Female

9 - Refusal",Trend 2005,HH3.a,Could you tell me whether this is a male or a female?,"1 - Male
2 - Female

9 - Refusal",HH3.a,Could you tell me whether this is a male or a female?,"1 - Male
2 - Female

9 - Refusal",NA,NA,NA,NA,NA,NA,NA,NA,NA,NA,NA,NA,NA,NA,NA,NA
Household grid / Age,Q3b,How old is he/she?,"# Age

888 - DK/No opinion (spontaneous)
999 - Refusal (spontaneous)",Trend 2005,HH3.b,How old is he/she?,"# Age

888 - DK/No opinion (spontaneous)
999 - Refusal (spontaneous)",HH3.b,How old is he/she?,"# Age

888 - DK/No opinion (spontaneous)
999 - Refusal (spontaneous)",NA,NA,NA,NA,NA,NA,NA,NA,NA,NA,NA,NA,NA,NA,NA,NA
Household grid / Rel. to R,Q3c,What is this person’s relationship to you? Is he/she your …?,"01 - spouse/partner
02 - son/daughter
03 - parent, step-parent or parent in law
04 - daughter or son in law
05 - grandchild
06 - brother/sister (incl. half and step siblings)
07 - other relative
08 - other non relative

88 - DK/No opinion (spontaneous)
99- Refusal (spontaneous)",Modified Trend 2005,HH3.c,What is this person’s relationship to you? Is he/she your …?,"01 - spouse/partner
02 - son/daughter
03 - parent, step-parent or parent in law
04 - daughter or son in law
05 - grandchild
06 - brother/sister (incl. half and step siblings)
07 - other relative
08 - other non relative

88 - DK/No opinion (spontaneous)
99- Refusal (spontaneous)",HH3.c,What is this person’s relationship to you? Is he/she your …?,"01 - spouse/partner
02 - son/daughter
03 - parent, step-parent or parent in law
04 - daughter or son in law
05 - grandchild
06 - brother/sister (incl. half and step siblings)
07 - other relative
08 - other non relative

88 - DK/No opinion (spontaneous)
99 - Refusal (spontaneous)",NA,NA,NA,NA,NA,NA,NA,NA,NA,NA,NA,NA,NA,NA,NA,NA
Household grid / Economic Activities,Q3d,And which of these categories describes the situation of this person the best?,"01 - at work as employee or employer/self-employed*
/relative assisting on family farm or business **
02 - unemployed  
03 - unable to work due to long-term illness or disability
04 - at work and on child-care leave or other leave
05 - retired
06 - full time homemaker/ responsible for ordinary shopping and looking after the home 
07 - in full time education (at school, university, etc.) / student
08 -other (e.g. military duty) 
09 - child under 14 (not asked, coded from HH3b)

88 - DK/No opinion (spontaneous)
99 - Refusal (spontaneous)
* Even in cases where the business fails to deliver any profit or income yet
** in the case of unpaid family members, they should be included in this status even in case when the remuneration is not monetary and /or the person does not receive any fomal pay .",N - Change Codes,HH3.d,And which of these categories describes the situation of this person the best?,"01 - at work as employee or employer/self-employed
02 - at work as relative assisting on family farm or business *
03 - unemployed less than 12 months
04 - unemployed 12 months or more
05 - unable to work due to long-term illness or disability
06 - on child-care leave or other leave
07 - retired
08 - full time homemaker/ responsible for ordinary shopping and looking after the home 
09 - in full time education (at school, university, etc.) / student
10 - other

88 - DK/No opinion (spontaneous)
99 - Refusal (spontaneous)",HH3.d,And what is this person’s principal economic status?,"01 - at work as employee or employer/self-employed               
02 - at work,  on child-care leave or other leave                   
03 - at work as relative assisting on family farm or business *    
04 - unemployed less than 12 months
05 - unemployed 12 months or more
06 - unable to work due to long-term illness or disability
07 - retired
08 - full time homemaker/ responsible for ordinary shopping and looking after the home 
09 - in education (at school, university, etc.) / student
10 - other

88 - DK/No opinion (spontaneous)
99 - Refusal (spontaneous)",NA,NA,NA,NA,NA,NA,NA,NA,NA,NA,NA,NA,NA,NA,NA,NA
Household grid / Work type,Q3e,Does this person work part time or work full time?,"1 - Part time
2 - Full time

8 - DK/No opinion (spontaneous)
9 - Refusal (spontaneous)",new,HH3.f,"Is this person working on an ad hoc basis, works part time (between 10 to 30 hours a week), or works full time?","1 - Adhoc 
2 - Part time (10-30 hours per week)  
3 - Full time

8 - DK/No opinion (spontaneous)
9 - Refusal (spontaneous)",NA,NA,NA,NA,NA,NA,NA,NA,NA,NA,NA,NA,NA,NA,NA,NA,NA,NA,NA
citizenship,Q4a,Were you and both of your parents born in (PROG: this country)?,"1 - Yes
2 - No

7 - Not applicable (spontaneous) 
8 - DK/no opinion (spontaneous)
9 - Refusal (spontaneous)",Trend 2010,Q1,Were you and both of your parents born in (PROG: this country)?,"1 - Yes
2 - No

7 - Not applicable (spontaneous) 
8 - DK/no opinion (spontaneous)",NA,NA,NA,NA,NA,NA,NA,NA,NA,NA,NA,NA,NA,NA,NA,NA,NA,NA,NA
citizenship,Q4b,Were you born in (PROG: this country)?,"1 - Yes
2 - No

7 - Not applicable (spontaneous) 
8 - DK/no opinion (spontaneous)
9 - Refusal (spontaneous)",Trend 2010,NA,NA,NA,Q1a-b,A) Are you a citizen of …(country where the survey is being carried out)? B) Are you a citizen of …?,"A)
1 - Yes
2 - No

8 - DK/no opinion (spontaneous)
9 - Refusal (spontaneous)

B)
1 - Another EU member state [IN NON-EU COUNTRIES: An EU member state] 
2 - One of the EU candidate countries (i.e. Romania, Bulgaria, Turkey, Croatia)
3 - Another country

8 - DK/no opinion (spontaneous)
9 - Refusal (spontaneous)",Q1a-d,a) What is your nationality/citizenship? Please tell me the country (or countries) that apply. b) Specify which other country(ies). c) What is your nationality/ethnicity? Please tell me the country (or countries) that apply . d) Specify which other,"1 - Bulgaria
2 - Cyprus
3 - Czech Republic
4 - Estonia
5 - Hungary
6 - Latria
7 - Lithuania
8 - Malta
9 - Poland
10 - Romania
11 - Russia
12 - Slovenia
13 - Slovakia
14 - Other countries (SPECIFY WHICH ONE(S)

15 - DK",Q1,What is your nationality? Please tell me the country (or countries) that apply,"1 - Belgium  
2 - Denmark  
3 - Germany  
4 - Greece  
5 - Spain  
6 - France  
7 - Ireland  
8 - Italy  
9 - Luxembourg  
10 - Netherlands  
11 - Portugal  
12 - United Kingdom (Great Britain, Northern Ireland)  
13 - Austria  
14 - Sweden  
15 - Finland  
16 - Other countries [Which one(s)] 

17 - DK",Q3,Q3,Q1a,What is your Nationality?,"1 - Belgian
2 - Danish
3 - German
4 - Greek
5 - Spanish
6 - French 
7 - Irish
8 - Italian
9 - Luxemburgese
10 - Dutch
11 - Portuguese
12 - British
13 - Austrian
14 - Swedish
15 - Finnish
16 - other specify

17 - don't know",NA,NA,NA,NA,NA
Occupation,Q5,"What is the title of your main paid job? By main paid job, we mean the one where you spend most hours.","{   }

88 - DK/no opinion (spontaneous)
99 - Refusal (spontaneous)",Trend,Q2,"What is the title of your main paid job? By main paid job, we mean the one where you spend most hours.","{   }

88 - DK/no opinion (spontaneous)
99 - Refusal (spontaneous)",Q2a,"What is the title of your main paid job? By main paid job, we mean the one where you spend most hours.","{   }

88 - DK/no opinion (spontaneous)
99 - Refusal (spontaneous)",Q2a,"What is the title of your main paid job ? By main paid job, we mean the one where you spend most hours",{   },Q2a,What is your main paid job ? Please give me your job title.,{   },Q4,Q4,Q2a,What is your main paid job? Please give me your job title? Do you have any other regular job title?,"{   }

1 - Yes
2 - No

3 - Refusal (spontaneous)",D17,NA,NA,What is your Occupation,"SELF EMPLOYED
01 - FARMER
02 - FISHERMAN
03 - PROFESSIONAL (LAWYER, MEDICAL PRACTITIONER, ACCOUNTANT, ETC ...)
04 - OWNERS OF SHOPS OR COMPANIES, CRAFTSMEN, BUSINESS PROPRIETORS

EMPLOYED
05  - EMPLOYED PROFESSIONAL (EMPLOYED LAWYER, MEDICAL PRACTITIONER, ACCOUNTANT)
06 - GENERAL MANAGEMENT
07 - MIDDLE MANAGEMENT
08 - OTHER OFFICE EMPLOYEES
09 - NON-OFFICE EMPLOYEES, NON MANUAL WORKERS (SHOP ASSISTANTS, ETC ...)
10 - SUPERVISORS
11 - SKILLED MANUAL WORKER
12 - OTHER MANUAL WORKER

WITHOUT PAID WORK
13 - RETIRED
14 - HOUSEWIFE NOT OTHERWISE EMPLOYED
15 - STUDENT
16 - MILITARY SERVICE
17 - TEMPORARILY NOT WORKING, UNEMPLOYED"
Occupation,Q6,What do you mainly do in your job?,"{   }

88 - DK/no opinion (spontaneous)
99 - Refusal (spontaneous)",Trend 2010,Q3,What do you mainly do in your job?,"{   }

88 - DK/no opinion (spontaneous)
99 - Refusal (spontaneous)",NA,NA,NA,NA,NA,NA,NA,NA,NA,NA,NA,NA,NA,NA,NA,NA,NA,NA,NA
Employment status,Q7,Are you working as an employee or are you self-employed,"1 - An employee
2 - Self-employed 
3 - DK (spontaneous)
9 - Refusal (spontaneous)",New,Q6,Are you mainly ... ?,"1 - Self-employed without employees  
2 - Self-employed with employees 
3 - Employed
4 - Other 

8 - DK/no opinion (spontaneous)
9 - Refusal (spontaneous)",Q3a,Are you mainly ... ?,"1 - Self-employed without employees
2 - Self-employed with employees
3 - Employed
4 - Other

8 - DK/no opinion (spontaneous)
9 - Refusal (spontaneous)",Q35a,Are you mainly...,"1 - self-employed without employees  
2 - self-employed with employees  
3 - Employed  
4 - Other (SPONTANEOUS)",Q4a,Are you mainly...,"1 - self-employed without employees  
2 - self-employed with employees  
3 - Employed  
4 - Other (SPONTANEOUS)",Q7,Q7,Q3a,Are you mainly:,"1 - Self employed, Freelance
2 - Employed, on a permanent basis
3 - Employed, on a tea term contract
4 - Employed, on a temporary employment agency contract
5 - On apprenticeship or other training scheme
6 - Other

7 - Don't know",NA,NA,NA,NA,NA
Employment status (salary by employer),Q8a,Are you paid a salary or a wage by an employer?,"1 - Yes
2 - No
3 - DK
9 - Refusal (spontaneous)",New,NA,NA,NA,NA,NA,NA,NA,NA,NA,NA,NA,NA,NA,NA,NA,NA,NA,NA,NA,NA,NA,NA
Self-employment (type -identity),Q8b,"Looking at this card, please select the category or categories which apply to your main paid job ?","1 - Sole director of own business
2 - A partner in a business or professional practice
3 - Working for yourself
4 - Working as a subcontractor
5 - Doing freelance work
6 - Paid a salary or a wage by an agency
7 -  Other

8- DK/no opinion (spontaneous)
9 - Refusal (spontaneous)",New,NA,NA,NA,NA,NA,NA,NA,NA,NA,NA,NA,NA,NA,NA,NA,NA,NA,NA,NA,NA,NA,NA
Self-employment ( recruitment),Q9a,"Regarding your business, do you 
A - have the authority to hire or dismiss employees?","1 - Yes
2 - No

8 - DK/no opinion (spontaneous)
9 - Refusal (spontaneous)",New,Q6_1c,"Regarding your business, do you agree with the following statements C. If my workload requires I could hire an employee who work for me","1 - Yes
2 - No

8 - DK/no opinion (spontaneous)
9 - Refusal (spontaneous)",NA,NA,NA,NA,NA,NA,NA,NA,NA,NA,NA,NA,NA,NA,NA,NA,NA,NA,NA
Self-employment (payment),Q9b,"Regarding your business, do you 
B - get paid an agreed fee on a weekly or monthly basis?","1 - Yes
2 - No

8 - DK/no opinion (spontaneous)
9 - Refusal (spontaneous)",Modified Trend 2010,Q6_1b,"Regarding your business, do you agree with the following statements B. I am paid an agreed fee on a regular, for example monthly basis","1 - Yes
2 - No

8 - DK/no opinion (spontaneous)
9 - Refusal (spontaneous)",NA,NA,NA,NA,NA,NA,NA,NA,NA,NA,NA,NA,NA,NA,NA,NA,NA,NA,NA
Self-employment (employees),Q9c,"Regarding your business, do you
C - have employees (working for you)","1 - Yes
2 - No

8 - DK/no opinion (spontaneous)
9 - Refusal (spontaneous)",New,NA,NA,NA,NA,NA,NA,NA,NA,NA,NA,NA,NA,NA,NA,NA,NA,NA,NA,NA,NA,NA,NA
Self-employment (clients),Q9d,"Regarding your business, do you
D- generally, have more than one client or customer","1 - Yes
2 - No

8 - DK/no opinion (spontaneous)
9 - Refusal (spontaneous)",Modified Trend 2010,Q6_1a,"Regarding your business, do you agree with the following statements A. Generally, my firm has more than one client -","1 - Yes
2 - No

8 - DK/no opinion (spontaneous)
9 - Refusal (spontaneous)",NA,NA,NA,NA,NA,NA,NA,NA,NA,NA,NA,NA,NA,NA,NA,NA,NA,NA,NA
Self-employment (preference),Q10,"When you became self-employed, was it mainly through your own personal preference or because you had no other alternatives for work?","1. Mainly through own personal preferences
2. No other alternatives for work
3. A combination of both
4. Neither of these reasons
8. Don’t know
9. Refused",New,NA,NA,NA,NA,NA,NA,NA,NA,NA,NA,NA,NA,NA,NA,NA,NA,NA,NA,NA,NA,NA,NA
Contract,Q11,What kind of employment contract do you have in your main job?,"1 - Contract of unlimited duration (UK: permanent)
2 - Contract of limited duration (UK: fixed-term)
3 - A temporary employment agency contract 
4 - An apprenticeship or other training scheme
5 - No contract
6 - Other (spontaneous)

8 - DK/no opinion (spontaneous)
9 - Refusal (spontaneous)","Trend 2005, slight change wording codes",Q7,What kind of employment contract do you have?,"1 - An indefinite contrac
2 - A fixed term contract
3 - A temporary employment agency contract 
4 - An apprenticeship or other training scheme
5 - No contract
6 - Other (spontaneous)

8 - DK/no opinion (spontaneous)
9 - Refusal (spontaneous)",Q3b,What kind of employment contract do you have?,"1 - An indefinite contract
2 - A fixed term contract
3 - A temporary employment agency contract
4 - An apprenticeship or other training scheme
5 - No contract
6 - Other (spontaneous)

8 - DK/no opinion (spontaneous)
9 - Refusal (spontaneous)",Q35b-c,a) Is it...? b) if other: specify,"1 - on an unlimited contract
2 - on a fixed term contract 
3 - on a temporary employment agency contract  
4 - on apprenticeship or other training scheme 

5 - Other (SPECIFY)  
6 - DK",Q4b,Is it...?,"1 - on an unlimited contract
2 - on a fixed term contract 
3 - on a temporary employment agency contract  
4 - on apprenticeship or other training scheme 

5 - Other (SPECIFY)  
6 - DK",Q7,Q7,Q3a,Are you mainly:,"1 - Self employed, Freelance
2 - Employed, on a permanent basis
3 - Employed, on a tea term contract
4 - Employed, on a temporary employment agency contract
5 - On apprenticeship or other training scheme
6 - Other

7 - Don't know",NA,NA,NA,NA,NA
Contract (duration),Q12,What is the exact duration of the contract in number of years and months?,"a) # Number of years  
b) # Number of months

00 - if less than 1 year
77 - no exact duration 
88 - DK/no opinion (spontaneous)
99 - Refusal (spontaneous)",Trend 2000,Q8,What is the exact duration of the contract in number of years and months?,"a) # Number of years  b) # Number of months

00 - if less than 1 year
77 - no exact duration 
88 - DK/no opinion (spontaneous)
99 - Refusal (spontaneous)",Q3c,What is the exact duration of the contract in number of years and months?,"# Number of years
  
00 - if less than 1 year
77 - no exact duration 
88 - DK/no opinion (spontaneous)
99 - Refusal (spontaneous)


# Number of months

77 -  no exact duration 
88 - DK/no opinion (spontaneous)",Q35d,What is the exact duration of the contract in number of years and months?,"# Number of years
  
00 - if less than 1 year
99 - DK/no opinion (spontaneous)



# Number of months

99 - DK/no opinion (spontaneous)",Q4c,What is the exact duration of the contract in number of years and months?,"# Number of years
  
00 - if less than 1 year
99 - DK/no opinion (spontaneous)



# Number of months

99 - DK/no opinion (spontaneous)",NA,NA,NA,NA,NA,NA,NA,NA,NA,NA
Company activity,Q13,What is the main activity of the company or organisation where you work?,"{   }

88 - DK/no opinion (spontaneous)
99 - Refusal (spontaneous)",Trend,Q9,What is the main activity of the company or organisation where you work?,"{   }

88 - DK/no opinion (spontaneous)
99 - Refusal (spontaneous)",Q4,What is the main activity of the company or organisation where you work ?,"{   }

88 - DK/no opinion (spontaneous)
99 - Refusal (spontaneous)",Q3,What is the main activity of the company or organisation where you work ?,{   },Q5,What is the main activity of the company or organisation where you work ?,{   },Q8,Q8,Q4,What is the main activity of the company/organisation where you work?,{   },A1,-,a1r3,"What is the main business-activity ogf the establishment (factory, office…) where you work?",{   }
Company Private/public sector,Q14,Are you working in the …?,"1 - the private sector
2 - the public sector 
3 - a joint private-public organisation or company
4 - the not-for-profit sector or an NGO 
5 - other (write in: …..)

8 - DK/no opinion (spontaneous)
9 - Refusal (spontaneous)","Trend 2005, slight change code other",Q10,Are you working in the …?,"1 - private sector
2 - public sector 
3 - joint private-public organisation or company
4 - not-for-profit sector, NGO 
5 - other 

8 - DK/no opinion (spontaneous)
9 - Refusal (spontaneous)",Q5,Are you working in the …?,"1 - private sector
2 - public sector
3 - joint private-public organisation or company 
4 - non-for-profit sector, NGO 
5 - other 

8 - DK/no opinion (spontaneous)
9 - Refusal (spontaneous)",NA,NA,NA,Q6,Are you working in ...?,"1 - National or local government services
2 - State owned company 
3 - Another company, another business  
4 - Other (SPONTANEOUS)  

5 - DK",Q6,Q6,Q5,Are you working in public or the private sector?,"1 - private sector
2 - public sector

3 - Don’t know (spontaneous)",D19,-,q5,Are you/were you in ...?,"1 - public employment
2 - nationalised industry
3 - private industry
4 - private services

5 - RESPONDENT DOES NOT KNOW AND INTERVIEWER CANNOT CODE"
Company Multisite/ single site,Q15a,"The next questions refer to the company or organisation where you perform most of your work.

Companies or organisations can be based at a single site or have multiple establishments.

Does the company or organisation for which you work operate from one site or more?","1 - One site only
2 - More than one site

8 - Don’t know (spontaneous)
9 - Refusal (spontaneous)",New,NA,NA,NA,NA,NA,NA,NA,NA,NA,NA,NA,NA,NA,NA,NA,NA,NA,NA,NA,NA,NA,NA
Company Multisite/ single site,Q15b,"The next questions refer to your business; it may be different from the place or places where most of your work is performed.

Businesses can be based at a single site or have multiple establishments.

Does your business have one site or multiple establishments (more than one site)?","1 - One site only
2 - More than one site

8 - Don’t know (spontaneous)
9 - Refusal (spontaneous)",New,NA,NA,NA,NA,NA,NA,NA,NA,NA,NA,NA,NA,NA,NA,NA,NA,NA,NA,NA,NA,NA,NA
Establishment  size,Q16a,"How many people in total work at your workplace, that is at the local site where you work? [ASK IF Q15A = 2 OR Q15B = 2]","01 - 1 (interviewee works alone) 
02 - 2-4
03 - 5-9
04 - 10-49
05 - 50-99
06 - 100-249
07 - 250-499
08 - 500 and over

88 - DK/no opinion (spontaneous)
99 - Refusal (spontaneous)",Modified trend,Q11,How many people in total work at your workplace (at the local site)?,"01 - 1 (interviewee works alone) 
02 - 2-4
03 - 5-9
04 - 10-49
05 - 50-99
06 - 100-249
07 - 250-499
08 - 500 and over

88 - DK/no opinion (spontaneous)
99 - Refusal (spontaneous)",Q6,How many people in total work in the local unit of the establishment where you work?,"01 - 1 (interviewee works alone) 
02 - 2-4
03 - 5-9
04 - 10-49
05 - 50-99
06 - 100-249
07 - 250-499
08 - 500 and over

88 - DK/no opinion (spontaneous)
99 - Refusal (spontaneous)",Q4,many people in total work in the local unit of the establishment where you work?,"1 - 1 (interviewee works alone)  
2 - 2 - 4  
3 - 5 - 9  
4 - 10 - 49  
5 - 50 - 99  
6 - 100 - 249  
7 - 250 - 499  
8 - 500 and over  

9 - DK",Q7,How many people in total work in the local unit of the establishment where you work?,"1 - 1 (interviewee works alone)  
2 - 2 - 4  
3 - 5 - 9  
4 - 10 - 49  
5 - 50 - 99  
6 - 100 - 249  
7 - 250 - 499  
8 - 500 and over  

9 - DK",Q5,Q5,q5_n,How many people are employed in total in your country by the company/organisation where you work?,"1 - none
2 - 1 to 9
3 - 10 to 49
4 - 50 to 99
5 - 100 to 499
6 - 500 and over

7 - don't know",D20,-,q6,How many paid people are working/were working where you work/worked ?,"1 - none (works/worked alone or with family)
2 - 1 to 4
3 - 5 to 9
4 - 10 to 49
5 - 50 to 499
6 - 500 and over

7 - DK"
Company size,Q16b,And how many employees in total work in your [IF EMPLOYEE: company or organisation] [IF SELF-EMPLOYED: business]?,"01 - 1 (interviewee works alone) 
02 - 2-4
03 - 5-9
04 - 10-49
05 - 50-99
06 - 100-249
07 - 250-499
08 - 500 and over

88 - DK/no opinion (spontaneous)
99 - Refusal (spontaneous)",New,NA,NA,NA,NA,NA,NA,NA,NA,NA,NA,NA,NA,NA,NA,NA,NA,NA,NA,NA,NA,NA,NA
Seniority,Q17,How many years have you been in your company or organisation?,"Number of years:……………………………………

00 - if less than 1 year
77 - Not applicable 
88 - DK/no opinion (spontaneous)
99 - Refusal (spontaneous)",Trend 95,Q12,How many years have you been in your company or organisation,"# Number of years

00 - if less than 1 year
77 - Not applicable 
88 - DK/no opinion (spontaneous)
99 - Refusal (spontaneous)",Q2d,How many years have you been in your company or organisation?,"# Number of years

00 - if less than 1 year
77 - not applicable 
88 - DK/no opinion (spontaneous)
99 - Refusal (spontaneous)",Q2c,How many years have you been in your company or organisation? (IF LESS THAN 1 YEAR) How many months?,"# Number of years
  
99 - DK/no opinion (spontaneous)


# Number of months

99 - DK/no opinion (spontaneous)",Q3a,How many years have you been in your company or organisation? (IF LESS THAN 1 YEAR) How many months?,"# Number of years
  
99 - DK/no opinion (spontaneous)


# Number of months

99 - DK/no opinion (spontaneous)",Q10,Q10,q10am+q10bm,How many years or months have you been in your main paid job?,"# Number of years
  

# Number of months",NA,NA,NA,NA,NA
Changes in work situation (hours),Q18a,"Now I would like you to think about the last 12 months. During the last 12 months has your work changed in any of the following ways? 
[IF STARTED IN ROLE LESS THAN 12 MONTHS AGO (Q17 = 00), ASK AS: 
Since you started your main job, has your work changed in any of the following ways?]
A - The number of hours you work per week","1 - Increased a lot
2 - Increased a little
3 - No change
4 - Decreased a little
5 - Decreased a lot

8 - DK/NA
9 - Refusal",Modified Trend 2010,Q14a,"If you compare your current situation with that of January 2009, have you experienced a change in the following aspects of your work?A. The number of hours you work per week?","1 - Decrease
2 - No change
3 - increase

8 - DK/NA
9 - Refusal",NA,NA,NA,NA,NA,NA,NA,NA,NA,NA,NA,NA,NA,NA,NA,NA,NA,NA,NA
Changes in work situation (income),Q18b,"Now I would like you to think about the last 12 months. During the last 12 months has your work changed in any of the following ways? 
[IF STARTED IN ROLE LESS THAN 12 MONTHS AGO (Q17 = 00), ASK AS: 
Since you started your main job, has your work changed in any of the following ways?]
B - Your salary or income","1 - Increased a lot
2 - Increased a little
3 - No change
4 - Decreased a little
5 - Decreased a lot

8 - DK/NA
9 - Refusal",Modified Trend 2010,Q14b,"If you compare your current situation with that of January 2009, have you experienced a change in the following aspects of your work?B. Your salary or income?","2 - Decrease
2 - No change
3 - increase

8 - DK/NA
9 - Refusal",NA,NA,NA,NA,NA,NA,NA,NA,NA,NA,NA,NA,NA,NA,NA,NA,NA,NA,NA
Changes in work situation (autonomy),Q18c,"Now I would like you to think about the last 12 months. During the last 12 months has your work changed in any of the following ways? 
[IF STARTED IN ROLE LESS THAN 12 MONTHS AGO (Q17 = 00), ASK AS: 
Since you started your main job, has your work changed in any of the following ways?]
C - The amount of influence you have over your work?","1 - Increased a lot
2 - Increased a little
3 - No change
4 - Decreased a little
5 - Decreased a lot

8 - DK/NA
9 - Refusal",New,NA,NA,NA,NA,NA,NA,NA,NA,NA,NA,NA,NA,NA,NA,NA,NA,NA,NA,NA,NA,NA,NA
Changes in work situation (responsibilities),Q18d,"Now I would like you to think about the last 12 months. During the last 12 months has your work changed in any of the following ways? 
[IF STARTED IN ROLE LESS THAN 12 MONTHS AGO (Q17 = 00), ASK AS: 
Since you started your main job, has your work changed
D - Your tasks and duties ?
","1 - Increased a lot
2 - Increased a little
3 - No change
4 - Decreased a little
5 - Decreased a lot

8 - DK/NA
9 - Refusal",New,NA,NA,NA,NA,NA,NA,NA,NA,NA,NA,NA,NA,NA,NA,NA,NA,NA,NA,NA,NA,NA,NA
Changes in workplace (number of employees ),Q19,"Now I would like you to think about the last three years.

During the last three years, has the number of employees at your workplace increased, stayed the same or decreased?
IF STARTED IN ROLE LESS THAN 3 YEARS AGO (Q17 = 00, 01 OR 02), ASK AS:
Since you started your main job, has the number of employees at your organisation workplace increased, stayed the same or decreased?","1 - Increased a lot
2 - Increased a little
3 - No change
4 - Decreased a little
5 - Decreased a lot

8 - DK/NA
9 - Refusal",New,NA,NA,NA,NA,NA,NA,NA,NA,NA,NA,NA,NA,NA,NA,NA,NA,NA,NA,NA,NA,NA,NA
Changes (restructuring),Q20,"During the last three years has there been a restructuring or reorganisation at the workplace that has substantially affected your work? 
IF STARTED IN ROLE LESS THAN 3 YEARS AGO (Q17 = 00, 01 OR 02), ASK AS: Since you started your main job, has there been a restructuring or reorganisation at the workplace that has substantially affected your work?","1 - Yes
2 - No

8 - DK/no opinion (spontaneous)
9 - Refusal (spontaneous)",New,Q15b,During the last 3 years have the following changes occurred at your current workplace which affected your immediate working environment? B. Substantial restructuring or reorganisation was carried out,"1 - Yes
2 - No

8 - DK/no opinion (spontaneous)
9 - Refusal (spontaneous)",NA,NA,NA,NA,NA,NA,NA,NA,NA,NA,NA,NA,NA,NA,NA,NA,NA,NA,NA
Changes (restructuring - information ),Q21a,"Before this restructuring or reorganisation took place, were you:
A - Informed of the forthcoming changes","1 - Yes
2 - No

8 - DK/no opinion (spontaneous)
9 - Refusal (spontaneous)",New,NA,NA,NA,NA,NA,NA,NA,NA,NA,NA,NA,NA,NA,NA,NA,NA,NA,NA,NA,NA,NA,NA
Changes  (restructuring - possibilities for influence),Q21b,B - Asked to give your opinion,"1 - Yes
2 - No

8 - DK/no opinion (spontaneous)
9 - Refusal (spontaneous)",New,NA,NA,NA,NA,NA,NA,NA,NA,NA,NA,NA,NA,NA,NA,NA,NA,NA,NA,NA,NA,NA,NA
Gender of peers - local gender segregation,Q22,At your place of work are workers with the same job title as you …?,"1 - Mostly men
2 - Mostly women 
3 - Approximately equal numbers of men and women 
4 - Nobody else has the same job title 

8 - DK/no opinion (spontaneous)
9 - Refusal (spontaneous)
",Trend 2010,Q16,At your place of work are workers with the same job title as you …?,"1 - Mostly men
2 - Mostly women 
3 - More or less equal numbers of men and women 
4 - Nobody else has the same job title
 
8 - DK/no opinion (spontaneous)
9 - Refusal (spontaneous)",NA,NA,NA,NA,NA,NA,NA,NA,NA,NA,NA,NA,NA,NA,NA,NA,NA,NA,NA
Supervisory responsibility,Q23,"How many people work under your supervision, for whom pay increases, bonuses or promotion depend directly on you?","# Number of people:

0000 - none
8888 - DK/no opinion (spontaneous)
9999 - Refusal (spontaneous)",Trend 2000/1991,Q17,"How many people work under your supervision, for whom pay increases, bonuses or promotion depend directly on you?","# Number of people:

0000 - none
8888 - DK/no opinion (spontaneous)",Q7,"How many people work under your supervision, for whom pay increases, bonuses or promotion depend directly on you?","# Number of people

0000 - none
8888 - DK/no opinion (spontaneous)
9999 - Refusal (spontaneous)",Q5,"How many people work under your supervision, for whom pay increases, bonuses or promotion depend directly on you?","# Number of people

0000 - none
9999 - DK/no opinion (spontaneous)",Q8,"How many people work under your supervision, for whom pay increases, bonuses or promotion depend directly on you?","1 - None (interviewee works alone)  
2 - 1 - 4  
3 - 5 - 9  
4 - 10 and over  

5 - DK",Q9,Q9,Q9,How many people work under your supervision?,"1 - none
2 - 1 to 5
3 - 6 to 9
4 - 10 and over

5 - don't know",D21,-,q7,How many people are working/were working under your supervision ?,"1 - none
2 - 1 to 4
3 - 5 to 9
4 - 10 and over

5 - DK"
Working hours,Q24,How many hours do you usually work per week in your main paid job?,"# Number of hours per week

888 - DK/no opinion (spontaneous)
999 - Refusal (spontaneous)",Trend 95/91,Q18,How many hours do you usually work per week in your main paid job?,"# Number of hours per week

888 - DK/no opinion (spontaneous)
999 - Refusal (spontaneous)",Q8a,How many hours do you usually work per week in your main paid job?,"# Number of hours per week

888 - DK/no opinion (spontaneous)
999 - Refusal (spontaneous)",Q11,"How many hours do you usually work per week, in your main paid job?","# Number of hours per week

999 - DK/no opinion (spontaneous)",Q14,"How many hours do you usually work per week, in your main paid job ?","# Number of hours per week

999 - DK/no opinion (spontaneous)",Q12,Q12,Q8a,"How many hours do you usually work per week, in your main job?",# Number of hours per week,A3,Q19,q8a,How many hours do you usually work per week?,# Number of hours per week
Working hours (preferred),Q25,Provided that you could make a free choice regarding your working hours and taking into account the need to earn a living: how many hours per week would you prefer to work at present?,"# Number of hours per week

777- The same  number of hours as currently  (spontaneous)
888 - DK/no opinion (spontaneous)
999 - Refusal (spontaneous)",Trend 2010,Q19,Provided that you could make a free choice regarding your working hours and taking into account the need to earn a living: how many hours per week would you prefer to work at present?,"# Number of hours per week

777- The same  number of hours as currently  (spontaneous)
888 - DK/no opinion (spontaneous)
999 - Refusal (spontaneous)",NA,NA,NA,NA,NA,NA,NA,NA,NA,NA,NA,NA,NA,NA,NA,NA,NA,NA,NA
Working days per week,Q26,How many days per week do you usually work in your main paid job?,"# Number of days per week

8 - DK/no opinion (spontaneous)
9 - Refusal (spontaneous)",Trend 2005,Q20,How many days per week do you usually work in your main paid job?,"# Number of days per week

8 - DK/no opinion (spontaneous)
9 - Refusal (spontaneous)",Q8b,How many days per week do you usually work in your main paid job?,"# Number of days per week
  
8 - DK/no opinion (spontaneous)
9 - Refusal (spontaneous)",NA,NA,NA,NA,NA,NA,NA,NA,NA,NA,NA,NA,NA,NA,NA,NA
Second job,Q27,"Besides your main paid job, do you have any other paid job(s)? (IF YES) Is it / are they ….?","1 - No other paid job
2 - Yes, regular
3 - Yes, occasional
4 - Other (spontaneous)

8 - DK/no opinion (spontaneous)
9 - Refusal (spontaneous)",Modified Trend 2005,Q21,"Besides your main paid job, do you have any other paid job(s)? (IF YES) Is it / are they ….?","1 - No other paid job
2 - Yes, regular
3 - Yes, occasional
4 - Other (spontaneous)

8 - DK/no opinion (spontaneous)
9 - Refusal (spontaneous)",Q9a,"Besides your main paid job, do you have any other paid job(s)? (IF YES) Is it / are they...?","1 - No other paid job
2 - Yes, regular
3 - Yes, occasional
4 - Yes, seasonal
5 - Other (spontaneous)

8 - DK/no opinion (spontaneous) 
9 - Refusal (spontaneous)",Q6,"Besides your main paid job, do you have any other paid job? (IF YES) Is it...?","1 - No other paid job  
2 - Yes, regular  
3 - Yes, occasional  
4 - Yes, seasonal  

5 - Other (SPONTANEOUS)  
6 - DK",Q9,"Besides your main paid job, do you have any other paid job? (IF YES) Is it...?","1 - No other paid job  
2 - Yes, regular  
3 - Yes, occasional  
4 - Yes, seasonal  

5 - Other (SPONTANEOUS)  
6 - DK",Q4,Q4,q4rr,What is your main paid job? Please give me your job title? Do you have any other regular paid job?,"{   }

1 - Yes
2 - No

3 - Refusal (spontaneous)",NA,NA,NA,NA,NA
Second job (hours),Q28,How many hours a week on average do you work in job(s) other than your main paid job?,"# Number of hours

888 -DK/no opinion (spontaneous)
999 - Refusal (spontaneous)",Trend 2005,Q22,How many hours a week on average do you work in job(s) other than your main paid job?,"# Number of hours

888 -DK/no opinion (spontaneous)
999 - Refusal (spontaneous)",Q9b,How many hours a week on average do you work in job(s) other than your main paid job?,"# Number of hours

888 - DK/no opinion (spontaneous)
999 - Refusal (spontaneous)",Q7,For how many hours a week in average?,"# Number of hours

99 - DK/no opinion (spontaneous)",Q10,For how many hours a week?,"# Number of hours

99 - DK/no opinion (spontaneous)",NA,NA,NA,NA,NA,NA,NA,NA,NA,NA
Job hazards (vibrations),Q29a,"From now onwards all the questions are about your main paid job.
Please tell me, using the following scale, are you exposed at work to ...?
A - Vibrations from hand tools, machinery, etc.","1 - All of the time 
2 - Almost all of the time 
3 - Around ¾ of the time 
4 - Around half of the time 
5 - Around ¼ of the time 
6 - Almost never 
7 - Never 

8 - DK 
9 - Refusal",Trend 95,Q23.a,"Please tell me, using the following scale, are you exposed at work to ...? Vibrations from hand tools, machinery, etc.","1 - All of the time 
2 - Almost all of the time 
3 - Around ¾ of the time 
4 - Around half of the time 
5 - Around ¼ of the time 
6 - Almost never 
7 - Never 

8 - DK 
9 - Refusal",Q10.a,"Please tell me, using the following scale, are you exposed at work to ...? Vibrations from hand tools, machinery, etc.","1 - All of the time 
2 - Almost all of the time 
3 - Around ¾ of the time 
4 - Around half of the time 
5 - Around ¼ of the time 
6 - Almost never 
7 - Never 

8 - DK 
9 - Refusal",Q8.1,"tell me, using the following scale, are you exposed at work to ...? vibrations from hand tools, machinery, etc.","1 - All of the time 
2 - Almost all of the time 
3 - Around ¾ of the time 
4 - Around half of the time 
5 - Around ¼ of the time 
6 - Almost never 
7 - Never 

8 - DK",Q11.1,"Please tell me, using the following scale, are you exposed at work to ...? vibrations from hand tools, machinery, etc.","1 - All of the time 
2 - Almost all of the time 
3 - Around ¾ of the time 
4 - Around half of the time 
5 - Around ¼ of the time 
6 - Almost never 
7 - Never 

8 - DK",Q14.1,Q14.1,Q10.a,"How often are you exposed at work to each of the following? Vibrations from hand tools, machinery, etc.","1 - All of the time 
2 - Almost all of the time 
3 - Around ¾ of the time 
4 - Around half of the time 
5 - Around ¼ of the time 
6 - Almost never 
7 - Never 

8 - DK",NA,NA,NA,NA,NA
Job hazards (noise),Q29b,"From now onwards all the questions are about your main paid job.
Please tell me, using the following scale, are you exposed at work to ...?
B - Noise so loud that you would have to raise your voice to talk to people","1 - All of the time 
2 - Almost all of the time 
3 - Around ¾ of the time 
4 - Around half of the time 
5 - Around ¼ of the time 
6 - Almost never 
7 - Never 

8 - DK 
9 - Refusal",Trend 91,Q23.b,"Please tell me, using the following scale, are you exposed at work to ...? Noise so loud that you would have to raise your voice to talk to people","1 - All of the time 
2 - Almost all of the time 
3 - Around ¾ of the time 
4 - Around half of the time 
5 - Around ¼ of the time 
6 - Almost never 
7 - Never 

8 - DK 
9 - Refusal",Q10.b,"Please tell me, using the following scale, are you exposed at work to ...? Noise so loud that you would have to raise your voice to talk to people","1 - All of the time 
2 - Almost all of the time 
3 - Around ¾ of the time 
4 - Around half of the time 
5 - Around ¼ of the time 
6 - Almost never 
7 - Never 

8 - DK 
9 - Refusal",Q8.2,"tell me, using the following scale, are you exposed at work to ...? noise so loud that you would have to raise your voice to talk to people","1 - All of the time 
2 - Almost all of the time 
3 - Around ¾ of the time 
4 - Around half of the time 
5 - Around ¼ of the time 
6 - Almost never 
7 - Never 

8 - DK",Q11.2,"Please tell me, using the following scale, are you exposed at work to ...? noise so loud that you would have to raise your voice to talk to people","1 - All of the time 
2 - Almost all of the time 
3 - Around ¾ of the time 
4 - Around half of the time 
5 - Around ¼ of the time 
6 - Almost never 
7 - Never 

8 - DK",Q14.2,Q14.2,Q10.b,How often are you exposed at work to each of the following? Noise so loud that you would have to raise your voice to talk to people,"1 - All of the time 
2 - Almost all of the time 
3 - Around ¾ of the time 
4 - Around half of the time 
5 - Around ¼ of the time 
6 - Almost never 
7 - Never 

8 - DK",A10_a,Q1,q10b,"When at work, are you exposed to: 1 Noise so loud that you would have to raise your voice to talk to people?","1 - All the time 
2 - Almost all the time 
3 - Around ¾ of the time 
4 - Around half the time 
5 - Around ¼ of the time 
6 - Almost never 
7 - Never 

8 - DK"
Job hazards (high temperatures),Q29c,"From now onwards all the questions are about your main paid job.
Please tell me, using the following scale, are you exposed at work to ...?
C - High temperatures which make you perspire even when not working","1 - All of the time 
2 - Almost all of the time 
3 - Around ¾ of the time 
4 - Around half of the time 
5 - Around ¼ of the time 
6 - Almost never 
7 - Never 

8 - DK 
9 - Refusal",Trend 95,Q23.c,"Please tell me, using the following scale, are you exposed at work to ...? High temperatures which make you perspire even when not working","1 - All of the time 
2 - Almost all of the time 
3 - Around ¾ of the time 
4 - Around half of the time 
5 - Around ¼ of the time 
6 - Almost never 
7 - Never 

8 - DK 
9 - Refusal",Q10.c,"Please tell me, using the following scale, are you exposed at work to ...? High temperatures which make you perspire even when not working","1 - All of the time 
2 - Almost all of the time 
3 - Around ¾ of the time 
4 - Around half of the time 
5 - Around ¼ of the time 
6 - Almost never 
7 - Never 

8 - DK 
9 - Refusal",Q8.3,"tell me, using the following scale, are you exposed at work to ...? high temperatures which make you perspire even when not working","1 - All of the time 
2 - Almost all of the time 
3 - Around ¾ of the time 
4 - Around half of the time 
5 - Around ¼ of the time 
6 - Almost never 
7 - Never 

8 - DK",Q11.3,"Please tell me, using the following scale, are you exposed at work to ...? high temperatures which make you perspire even when not working","1 - All of the time 
2 - Almost all of the time 
3 - Around ¾ of the time 
4 - Around half of the time 
5 - Around ¼ of the time 
6 - Almost never 
7 - Never 

8 - DK",Q14.3,Q14.3,Q10.c,How often are you exposed at work to each of the following? High temperature which makes you perspire even when not working,"1 - All of the time 
2 - Almost all of the time 
3 - Around ¾ of the time 
4 - Around half of the time 
5 - Around ¼ of the time 
6 - Almost never 
7 - Never 

8 - DK","A10_b,c","Q2, Q3","q10c,q10d","When at work, are you exposed to: 2) Bad weather conditions such as rain, wind, snow? 3) Heat or cold either indoor or outdoor?","1 - All the time 
2 - Almost all the time 
3 - Around ¾ of the time 
4 - Around half the time 
5 - Around ¼ of the time 
6 - Almost never 
7 - Never 

8 - DK"
Job hazards (low temperatures),Q29d,"From now onwards all the questions are about your main paid job.
Please tell me, using the following scale, are you exposed at work to ...?
D - Low temperatures whether indoors or outdoors","1 - All of the time 
2 - Almost all of the time 
3 - Around ¾ of the time 
4 - Around half of the time 
5 - Around ¼ of the time 
6 - Almost never 
7 - Never 

8 - DK 
9 - Refusal",Trend 95,Q23.d,"Please tell me, using the following scale, are you exposed at work to ...? Low temperatures whether indoors or outdoors","1 - All of the time 
2 - Almost all of the time 
3 - Around ¾ of the time 
4 - Around half of the time 
5 - Around ¼ of the time 
6 - Almost never 
7 - Never 

8 - DK 
9 - Refusal",Q10.d,"Please tell me, using the following scale, are you exposed at work to ...? Low temperatures whether indoors or outdoors","1 - All of the time 
2 - Almost all of the time 
3 - Around ¾ of the time 
4 - Around half of the time 
5 - Around ¼ of the time 
6 - Almost never 
7 - Never 

8 - DK 
9 - Refusal",Q8.4,"tell me, using the following scale, are you exposed at work to ...? low temperatures whether indoors or outdoors","1 - All of the time 
2 - Almost all of the time 
3 - Around ¾ of the time 
4 - Around half of the time 
5 - Around ¼ of the time 
6 - Almost never 
7 - Never 

8 - DK",Q11.4,"Please tell me, using the following scale, are you exposed at work to ...? low temperatures whether indoors or outdoors","1 - All of the time 
2 - Almost all of the time 
3 - Around ¾ of the time 
4 - Around half of the time 
5 - Around ¼ of the time 
6 - Almost never 
7 - Never 

8 - DK",Q14.4,Q14.4,Q10.d,How often are you exposed at work to each of the following? Low temperatures whether indoors or outdoors,"1 - All of the time 
2 - Almost all of the time 
3 - Around ¾ of the time 
4 - Around half of the time 
5 - Around ¼ of the time 
6 - Almost never 
7 - Never 

8 - DK","A10_b,c","Q2, Q3","q10c,q10d","When at work, are you exposed to: 2) Bad weather conditions such as rain, wind, snow? 3) Heat or cold either indoor or outdoor?","1 - All the time 
2 - Almost all the time 
3 - Around ¾ of the time 
4 - Around half the time 
5 - Around ¼ of the time 
6 - Almost never 
7 - Never 

8 - DK"
Job hazards (breathing fumes),Q29e,"From now onwards all the questions are about your main paid job.
Please tell me, using the following scale, are you exposed at work to ...?
E - Breathing in smoke, fumes (such as welding or exhaust fumes), powder or dust (such as wood dust or mineral dust) etc.","1 - All of the time 
2 - Almost all of the time 
3 - Around ¾ of the time 
4 - Around half of the time 
5 - Around ¼ of the time 
6 - Almost never 
7 - Never 

8 - DK 
9 - Refusal",Trend 2005,Q23.e,"Please tell me, using the following scale, are you exposed at work to ...? Breathing in smoke, fumes (such as welding or exhaust fumes), powder or dust (such as wood dust or mineral dust) etc.","1 - All of the time 
2 - Almost all of the time 
3 - Around ¾ of the time 
4 - Around half of the time 
5 - Around ¼ of the time 
6 - Almost never 
7 - Never 

8 - DK 
9 - Refusal",Q10.e,"Please tell me, using the following scale, are you exposed at work to ...? Breathing in smoke, fumes (such as welding or exhaust fumes), powder or dust (such as wood dust or mineral dust) etc.","1 - All of the time 
2 - Almost all of the time 
3 - Around ¾ of the time 
4 - Around half of the time 
5 - Around ¼ of the time 
6 - Almost never 
7 - Never 

8 - DK 
9 - Refusal",Q8.5,"tell me, using the following scale, are you exposed at work to ...? breathing in vapours, fumes, dust, or dangerous substances as chemicals, infectious materials, etc.","1 - All of the time 
2 - Almost all of the time 
3 - Around ¾ of the time 
4 - Around half of the time 
5 - Around ¼ of the time 
6 - Almost never 
7 - Never 

8 - DK",Q11.5,"Please tell me, using the following scale, are you exposed at work to ...? breathing in vapours, fumes, dust, or dangerous substances as chemicals, infectious materials, etc.","1 - All of the time 
2 - Almost all of the time 
3 - Around ¾ of the time 
4 - Around half of the time 
5 - Around ¼ of the time 
6 - Almost never 
7 - Never 

8 - DK",Q14.5,Q14.5,Q10.e,"How often are you exposed at work to each of the following? Breathing in vapours, fumes, dust, or dangerous substances such as chemicals, infectious materials, etc.","1 - All of the time 
2 - Almost all of the time 
3 - Around ¾ of the time 
4 - Around half of the time 
5 - Around ¼ of the time 
6 - Almost never 
7 - Never 

8 - DK",A10_d,Q4,q10e,"When at work, are you exposed to: 4 Breathing in vapours, fumes, dust or dangerous substances?","1 - All the time 
2 - Almost all the time 
3 - Around ¾ of the time 
4 - Around half the time 
5 - Around ¼ of the time 
6 - Almost never 
7 - Never 

8 - DK"
Job hazards (breathing vapours),Q29f,"From now onwards all the questions are about your main paid job.
Please tell me, using the following scale, are you exposed at work to ...?
F - Breathing in vapours such as solvents and thinners","1 - All of the time 
2 - Almost all of the time 
3 - Around ¾ of the time 
4 - Around half of the time 
5 - Around ¼ of the time 
6 - Almost never 
7 - Never 

8 - DK 
9 - Refusal",Trend 2005,Q23.f,"Please tell me, using the following scale, are you exposed at work to ...? Breathing in vapours such as solvents and thinners","1 - All of the time 
2 - Almost all of the time 
3 - Around ¾ of the time 
4 - Around half of the time 
5 - Around ¼ of the time 
6 - Almost never 
7 - Never 

8 - DK 
9 - Refusal",Q10.f,"Please tell me, using the following scale, are you exposed at work to ...? Breathing in vapours such as solvents and thinners","1 - All of the time 
2 - Almost all of the time 
3 - Around ¾ of the time 
4 - Around half of the time 
5 - Around ¼ of the time 
6 - Almost never 
7 - Never 

8 - DK 
9 - Refusal",Q8.5,"tell me, using the following scale, are you exposed at work to ...? breathing in vapours, fumes, dust, or dangerous substances as chemicals, infectious materials, etc.","1 - All of the time 
2 - Almost all of the time 
3 - Around ¾ of the time 
4 - Around half of the time 
5 - Around ¼ of the time 
6 - Almost never 
7 - Never 

8 - DK",Q11.5,"Please tell me, using the following scale, are you exposed at work to ...? breathing in vapours, fumes, dust, or dangerous substances as chemicals, infectious materials, etc.","1 - All of the time 
2 - Almost all of the time 
3 - Around ¾ of the time 
4 - Around half of the time 
5 - Around ¼ of the time 
6 - Almost never 
7 - Never 

8 - DK",Q14.5,Q14.5,Q10.f,"How often are you exposed at work to each of the following? Breathing in vapours, fumes, dust, or dangerous substances such as chemicals, infectious materials, etc.","1 - All of the time 
2 - Almost all of the time 
3 - Around ¾ of the time 
4 - Around half of the time 
5 - Around ¼ of the time 
6 - Almost never 
7 - Never 

8 - DK",A10_d,Q4,q10e,"When at work, are you exposed to: 4 Breathing in vapours, fumes, dust or dangerous substances?","1 - All the time 
2 - Almost all the time 
3 - Around ¾ of the time 
4 - Around half the time 
5 - Around ¼ of the time 
6 - Almost never 
7 - Never 

8 - DK"
Job hazards (chemicals),Q29g,"From now onwards all the questions are about your main paid job.
Please tell me, using the following scale, are you exposed at work to ...?
G - Handling or being in skin contact with chemical products or  substances","1 - All of the time 
2 - Almost all of the time 
3 - Around ¾ of the time 
4 - Around half of the time 
5 - Around ¼ of the time 
6 - Almost never 
7 - Never 

8 - DK 
9 - Refusal",Trend 2005,Q23.g,"Please tell me, using the following scale, are you exposed at work to ...? Handling or being in skin contact with chemical products or substances","1 - All of the time 
2 - Almost all of the time 
3 - Around ¾ of the time 
4 - Around half of the time 
5 - Around ¼ of the time 
6 - Almost never 
7 - Never 

8 - DK 
9 - Refusal",Q10.g,"Please tell me, using the following scale, are you exposed at work to ...? Handling or being in skin contact with chemical products or substances","1 - All of the time 
2 - Almost all of the time 
3 - Around ¾ of the time 
4 - Around half of the time 
5 - Around ¼ of the time 
6 - Almost never 
7 - Never 

8 - DK 
9 - Refusal",Q8.6,"tell me, using the following scale, are you exposed at work to ...? handling or touching dangerous products or substances","1 - All of the time 
2 - Almost all of the time 
3 - Around ¾ of the time 
4 - Around half of the time 
5 - Around ¼ of the time 
6 - Almost never 
7 - Never 

8 - DK",Q11.6,"Please tell me, using the following scale, are you exposed at work to ...? handling or touching dangerous products or substances","1 - All of the time 
2 - Almost all of the time 
3 - Around ¾ of the time 
4 - Around half of the time 
5 - Around ¼ of the time 
6 - Almost never 
7 - Never 

8 - DK",Q14.6,Q14.6,Q10.g,How often are you exposed at work to each of the following? Handling or touching dangerous products or substances,"1 - All of the time 
2 - Almost all of the time 
3 - Around ¾ of the time 
4 - Around half of the time 
5 - Around ¼ of the time 
6 - Almost never 
7 - Never 

8 - DK",A10_e,Q5,q10g,"When at work, are you exposed to: 5 Handling and/or touching dangerous substances or materials?","1 - All the time 
2 - Almost all the time 
3 - Around ¾ of the time 
4 - Around half the time 
5 - Around ¼ of the time 
6 - Almost never 
7 - Never 

8 - DK"
Job hazards (tobacco smoke),Q29h,"From now onwards all the questions are about your main paid job.
Please tell me, using the following scale, are you exposed at work to ...?
H - Tobacco smoke from other people","1 - All of the time 
2 - Almost all of the time 
3 - Around ¾ of the time 
4 - Around half of the time 
5 - Around ¼ of the time 
6 - Almost never 
7 - Never 

8 - DK 
9 - Refusal",Trend 2005,Q23.h,"Please tell me, using the following scale, are you exposed at work to ...? Tobacco smoke from other people","1 - All of the time 
2 - Almost all of the time 
3 - Around ¾ of the time 
4 - Around half of the time 
5 - Around ¼ of the time 
6 - Almost never 
7 - Never 

8 - DK 
9 - Refusal",Q10.i,"Please tell me, using the following scale, are you exposed at work to ...? Tobacco smoke from other people","1 - All of the time 
2 - Almost all of the time 
3 - Around ¾ of the time 
4 - Around half of the time 
5 - Around ¼ of the time 
6 - Almost never 
7 - Never 

8 - DK 
9 - Refusal",NA,NA,NA,NA,NA,NA,NA,NA,NA,NA,NA,NA,NA,NA,NA,NA
Job hazards (infectious materials),Q29i,"From now onwards all the questions are about your main paid job.
Please tell me, using the following scale, are you exposed at work to ...?
I - Handling or being in direct contact with materials which can be infectious, such as waste, bodily fluids, laboratory materials, etc.","1 - All of the time 
2 - Almost all of the time 
3 - Around ¾ of the time 
4 - Around half of the time 
5 - Around ¼ of the time 
6 - Almost never 
7 - Never 

8 - DK 
9 - Refusal",Trend 2005,Q23.i,"Please tell me, using the following scale, are you exposed at work to ...? Handling or being in direct contact with materials which can be infectious, such as waste, bodily fluids, laboratory materials, etc","1 - All of the time 
2 - Almost all of the time 
3 - Around ¾ of the time 
4 - Around half of the time 
5 - Around ¼ of the time 
6 - Almost never 
7 - Never 

8 - DK 
9 - Refusal",Q10.j,"Please tell me, using the following scale, are you exposed at work to ...? Handling or being in direct contact with materials which can be infectious, such as waste, bodily fluids, laboratory materials, etc","1 - All of the time 
2 - Almost all of the time 
3 - Around ¾ of the time 
4 - Around half of the time 
5 - Around ¼ of the time 
6 - Almost never 
7 - Never 

8 - DK 
9 - Refusal",NA,NA,NA,NA,NA,NA,NA,NA,NA,NA,NA,NA,NA,NA,NA,NA
Posture-related issues (tiring positions),Q30a,"Please tell me, using the same scale, does your main paid job involve ...?
A - Tiring or painful positions","1 - All of the time 
2 - Almost all of the time 
3 - Around ¾ of the time 
4 - Around half of the time 
5 - Around ¼ of the time 
6 - Almost never 
7 - Never 

8 - DK 
9 - Refusal",Trend 91,Q24.a,"Please tell me, using the same scale, does your main paid job involve ...? Tiring or painful positions","1 - All of the time 
2 - Almost all of the time 
3 - Around ¾ of the time 
4 - Around half of the time 
5 - Around ¼ of the time 
6 - Almost never 
7 - Never 

8 - DK 
9 - Refusal",Q11.a,"Please tell me, using the same scale, does your main paid job involve ...? Tiring or painful positions","1 - All of the time 
2 - Almost all of the time 
3 - Around ¾ of the time 
4 - Around half of the time 
5 - Around ¼ of the time 
6 - Almost never 
7 - Never 

8 - DK 
9 - Refusal",Q9.1,"Please tell me, using the same scale, does your main paid job involve ...? painful or tiring positions","1 - All of the time 
2 - Almost all of the time 
3 - Around ¾ of the time 
4 - Around half of the time 
5 - Around ¼ of the time 
6 - Almost never 
7 - Never 

8 - DK",Q12.1,"Please tell me, using the same scale, does your main paid job involve ...? painful or tiring positions","1 - All of the time 
2 - Almost all of the time 
3 - Around ¾ of the time 
4 - Around half of the time 
5 - Around ¼ of the time 
6 - Almost never 
7 - Never 

8 - DK",Q15.1,Q15.1,Q11.a,How often does your main paid job involve each of the following? Painful or tiring positions,"1 - All of the time 
2 - Almost all of the time 
3 - Around ¾ of the time 
4 - Around half of the time 
5 - Around ¼ of the time 
6 - Almost never 
7 - Never 

8 - DK",A11_a,Q6,q11a,Does your work involve: 6 Painful or tiring positions,"1 - All the time 
2 - Almost all the time 
3 - Around ¾ of the time 
4 - Around half the time 
5 - Around ¼ of the time 
6 - Almost never 
7 - Never 

8 - DK"
Posture-related issues (lifting people),Q30b,"Please tell me, using the same scale, does your main paid job involve ...?
B - Lifting or moving people","1 - All of the time 
2 - Almost all of the time 
3 - Around ¾ of the time 
4 - Around half of the time 
5 - Around ¼ of the time 
6 - Almost never 
7 - Never 

8 - DK 
9 - Refusal",Trend 2005,Q24.b,"Please tell me, using the same scale, does your main paid job involve ...? Lifting or moving people","1 - All of the time 
2 - Almost all of the time 
3 - Around ¾ of the time 
4 - Around half of the time 
5 - Around ¼ of the time 
6 - Almost never 
7 - Never 

8 - DK 
9 - Refusal",Q11.b,"Please tell me, using the same scale, does your main paid job involve ...? Lifting or moving people","1 - All of the time 
2 - Almost all of the time 
3 - Around ¾ of the time 
4 - Around half of the time 
5 - Around ¼ of the time 
6 - Almost never 
7 - Never 

8 - DK 
9 - Refusal",NA,NA,NA,NA,NA,NA,NA,NA,NA,NA,NA,NA,NA,NA,NA,NA
Posture-related issues (heavy loads),Q30c,"Please tell me, using the same scale, does your main paid job involve ...?
C - Carrying or moving heavy loads","1 - All of the time 
2 - Almost all of the time 
3 - Around ¾ of the time 
4 - Around half of the time 
5 - Around ¼ of the time 
6 - Almost never 
7 - Never 

8 - DK 
9 - Refusal",Trend 91,Q24.c,"Please tell me, using the same scale, does your main paid job involve ...? Carrying or moving heavy loads","1 - All of the time 
2 - Almost all of the time 
3 - Around ¾ of the time 
4 - Around half of the time 
5 - Around ¼ of the time 
6 - Almost never 
7 - Never 

8 - DK 
9 - Refusal",Q11.c,"Please tell me, using the same scale, does your main paid job involve ...? Carrying or moving heavy loads","1 - All of the time 
2 - Almost all of the time 
3 - Around ¾ of the time 
4 - Around half of the time 
5 - Around ¼ of the time 
6 - Almost never 
7 - Never 

8 - DK 
9 - Refusal",Q9.2,"Please tell me, using the same scale, does your main paid job involve ...? carrying or moving heavy loads","1 - All of the time 
2 - Almost all of the time 
3 - Around ¾ of the time 
4 - Around half of the time 
5 - Around ¼ of the time 
6 - Almost never 
7 - Never 

8 - DK",Q12.2,"Please tell me, using the same scale, does your main paid job involve ...? carrying or moving heavy loads","1 - All of the time 
2 - Almost all of the time 
3 - Around ¾ of the time 
4 - Around half of the time 
5 - Around ¼ of the time 
6 - Almost never 
7 - Never 

8 - DK",Q15.2,Q15.2,Q11.c,How often does your main paid job involve each of the following? Carrying or moving heavy loads,"1 - All of the time 
2 - Almost all of the time 
3 - Around ¾ of the time 
4 - Around half of the time 
5 - Around ¼ of the time 
6 - Almost never 
7 - Never 

8 - DK",A11_b,Q7,q11c,Does your work involve: 7 Carrying or moving heavy loads?,"1 - All the time 
2 - Almost all the time 
3 - Around ¾ of the time 
4 - Around half the time 
5 - Around ¼ of the time 
6 - Almost never 
7 - Never 

8 - DK"
Posture-related issues (sitting),Q30d,"Please tell me, using the same scale, does your main paid job involve ...?
D - Sitting","1 - All of the time 
2 - Almost all of the time 
3 - Around ¾ of the time 
4 - Around half of the time 
5 - Around ¼ of the time 
6 - Almost never 
7 - Never 

8 - DK 
9 - Refusal",New,NA,NA,NA,NA,NA,NA,NA,NA,NA,NA,NA,NA,NA,NA,NA,NA,NA,NA,NA,NA,NA,NA
Posture-related issues (repetitive movements),Q30e,"Please tell me, using the same scale, does your main paid job involve ...?
E - Repetitive hand or arm movements","1 - All of the time 
2 - Almost all of the time 
3 - Around ¾ of the time 
4 - Around half of the time 
5 - Around ¼ of the time 
6 - Almost never 
7 - Never 

8 - DK 
9 - Refusal",Trend 95,Q24.e,"Please tell me, using the same scale, does your main paid job involve ...? Repetitive hand or arm movements","1 - All of the time 
2 - Almost all of the time 
3 - Around ¾ of the time 
4 - Around half of the time 
5 - Around ¼ of the time 
6 - Almost never 
7 - Never 

8 - DK 
9 - Refusal",Q11.e,"Please tell me, using the same scale, does your main paid job involve ...? Repetitive hand or arm movements","1 - All of the time 
2 - Almost all of the time 
3 - Around ¾ of the time 
4 - Around half of the time 
5 - Around ¼ of the time 
6 - Almost never 
7 - Never 

8 - DK 
9 - Refusal",Q9.3,"Please tell me, using the same scale, does your main paid job involve ...? repetitive hand or arm movements","1 - All of the time 
2 - Almost all of the time 
3 - Around ¾ of the time 
4 - Around half of the time 
5 - Around ¼ of the time 
6 - Almost never 
7 - Never 

8 - DK",Q12.3,"Please tell me, using the same scale, does your main paid job involve ...? repetitive hand or arm movements","1 - All of the time 
2 - Almost all of the time 
3 - Around ¾ of the time 
4 - Around half of the time 
5 - Around ¼ of the time 
6 - Almost never 
7 - Never 

8 - DK",Q15.4,Q15.4,Q11.e,How often does your main paid job involve each of the following? Repetitive hand or arm movements,"1 - All of the time 
2 - Almost all of the time 
3 - Around ¾ of the time 
4 - Around half of the time 
5 - Around ¼ of the time 
6 - Almost never 
7 - Never 

8 - DK",NA,NA,NA,NA,NA
client work  (dealing with people),Q30f,"Please tell me, using the same scale, does your main paid job involve ...?
F - Dealing directly with people who are not employees at your workplace such as customers, passengers, pupils, patients, etc.","1 - All of the time 
2 - Almost all of the time 
3 - Around ¾ of the time 
4 - Around half of the time 
5 - Around ¼ of the time 
6 - Almost never 
7 - Never 

8 - DK 
9 - Refusal",Trend 95,Q24.f,"Please tell me, using the same scale, does your main paid job involve ...? Dealing directly with people who are not employees at your workplace such as customers, passengers, pupils, patients, etc","1 - All of the time 
2 - Almost all of the time 
3 - Around ¾ of the time 
4 - Around half of the time 
5 - Around ¼ of the time 
6 - Almost never 
7 - Never 

8 - DK 
9 - Refusal",Q11.j,"Please tell me, using the same scale, does your main paid job involve ...? Dealing directly with people who are not employees at your workplace such as customers, passengers, pupils, patients, etc.","1 - All of the time 
2 - Almost all of the time 
3 - Around ¾ of the time 
4 - Around half of the time 
5 - Around ¼ of the time 
6 - Almost never 
7 - Never 

8 - DK 
9 - Refusal",Q9.7,"Please tell me, using the same scale, does your main paid job involve ...? dealing directly with people who are not employees at your workplace such as customers, passengers, pupils, patients, etc","1 - All of the time 
2 - Almost all of the time 
3 - Around ¾ of the time 
4 - Around half of the time 
5 - Around ¼ of the time 
6 - Almost never 
7 - Never 

8 - DK",Q12.7,"Please tell me, using the same scale, does your main paid job involve ...? dealing directly with people who are not employees at your workplace such as customers, passengers, pupils, patients, etc.","1 - All of the time 
2 - Almost all of the time 
3 - Around ¾ of the time 
4 - Around half of the time 
5 - Around ¼ of the time 
6 - Almost never 
7 - Never 

8 - DK",Q15.9,Q15.9,Q11.j,"How often does your main paid job involve each of the following? Dealing directly with people who are not employees at your workplace. such as customers, passengers, pupils, patients etc.","1 - All of the time 
2 - Almost all of the time 
3 - Around ¾ of the time 
4 - Around half of the time 
5 - Around ¼ of the time 
6 - Almost never 
7 - Never 

8 - DK",NA,NA,NA,NA,NA
psychosocial risks  (angry clients),Q30g,"Please tell me, using the same scale, does your main paid job involve ...?
G - Handling angry clients, customers, patients, pupils etc.","1 - All of the time 
2 - Almost all of the time 
3 - Around ¾ of the time 
4 - Around half of the time 
5 - Around ¼ of the time 
6 - Almost never 
7 - Never 

8 - DK 
9 - Refusal",Modified Trend 2010,Q24.g,"Please tell me, using the same scale, does your main paid job involve ...? Handling angry clients?","1 - All of the time 
2 - Almost all of the time 
3 - Around ¾ of the time 
4 - Around half of the time 
5 - Around ¼ of the time 
6 - Almost never 
7 - Never 

8 - DK 
9 - Refusal",NA,NA,NA,NA,NA,NA,NA,NA,NA,NA,NA,NA,NA,NA,NA,NA,NA,NA,NA
psychosocial risks (emotional disturbs),Q30h,"Please tell me, using the same scale, does your main paid job involve ...?
H - Being in situations that are emotionally disturbing for you","1 - All of the time 
2 - Almost all of the time 
3 - Around ¾ of the time 
4 - Around half of the time 
5 - Around ¼ of the time 
6 - Almost never 
7 - Never 

8 - DK 
9 - Refusal",New,NA,NA,NA,NA,NA,NA,NA,NA,NA,NA,NA,NA,NA,NA,NA,NA,NA,NA,NA,NA,NA,NA
digital work (portable devices),Q30i,"Please tell me, using the same scale, does your main paid job involve ...?
I - Working with computers, laptops, smartphones etc.","1 - All of the time 
2 - Almost all of the time 
3 - Around ¾ of the time 
4 - Around half of the time 
5 - Around ¼ of the time 
6 - Almost never 
7 - Never 

8 - DK 
9 - Refusal",Modified Trend,Q24.h,"Please tell me, using the same scale, does your main paid job involve ...? Working with computers: PCs, network, mainframe","1 - All of the time 
2 - Almost all of the time 
3 - Around ¾ of the time 
4 - Around half of the time 
5 - Around ¼ of the time 
6 - Almost never 
7 - Never 

8 - DK 
9 - Refusal",Q11.k,"Please tell me, using the same scale, does your main paid job involve ...? Working with computers: PCs, network, mainframe","1 - All of the time 
2 - Almost all of the time 
3 - Around ¾ of the time 
4 - Around half of the time 
5 - Around ¼ of the time 
6 - Almost never 
7 - Never 

8 - DK 
9 - Refusal",Q9.4,"Please tell me, using the same scale, does your main paid job involve ...? working with computers: PCs, network, mainframe","1 - All of the time 
2 - Almost all of the time 
3 - Around ¾ of the time 
4 - Around half of the time 
5 - Around ¼ of the time 
6 - Almost never 
7 - Never 

8 - DK",Q12.4,"Please tell me, using the same scale, does your main paid job involve ...? working with computers: PCs, network, mainframe","1 - All of the time 
2 - Almost all of the time 
3 - Around ¾ of the time 
4 - Around half of the time 
5 - Around ¼ of the time 
6 - Almost never 
7 - Never 

8 - DK",Q15.6,Q15.6,Q11.k,"How often does your main paid job involve each of the following? Working with computers: PC's, network, mainframe","1 - All of the time 
2 - Almost all of the time 
3 - Around ¾ of the time 
4 - Around half of the time 
5 - Around ¼ of the time 
6 - Almost never 
7 - Never 

8 - DK",A11_f,Q11,q11k,Does your work involve: 11 Using computer equipment?,"1 - All the time 
2 - Almost all the time 
3 - Around ¾ of the time 
4 - Around half the time 
5 - Around ¼ of the time 
6 - Almost never 
7 - Never 

8 - DK"
Personal protective equipment,Q31,Does your job ever require that you wear personal protective equipment?,"1 - Yes
2 - No

8 - DK/no opinion (spontaneous)
9 - Refusal (spontaneous)",Trend 2010,Q28,Does your job ever require that you wear personal protective equipment?,"1 - Yes
2 - No

8 - DK/no opinion (spontaneous)
9 - Refusal (spontaneous)",Q11.m,"Please tell me, using the same scale, does your main paid job involve ...? Wearing personal protective clothing or equipment","1 - All of the time 
2 - Almost all of the time 
3 - Around ¾ of the time 
4 - Around half of the time 
5 - Around ¼ of the time 
6 - Almost never 
7 - Never 

8 - DK 
9 - Refusal",Q9.8,"Please tell me, using the same scale, does your main paid job involve ...? wearing personal protective equipment","1 - All of the time 
2 - Almost all of the time 
3 - Around ¾ of the time 
4 - Around half of the time 
5 - Around ¼ of the time 
6 - Almost never 
7 - Never 

8 - DK",Q12.8,"Please tell me, using the same scale, does your main paid job involve ...? wearing personal protective equipment","1 - All of the time 
2 - Almost all of the time 
3 - Around ¾ of the time 
4 - Around half of the time 
5 - Around ¼ of the time 
6 - Almost never 
7 - Never 

8 - DK",Q15.5,Q15.5,Q11.m,How often does your main paid job involve each of the following? Wearing personal protective equipment,"1 - All of the time 
2 - Almost all of the time 
3 - Around ¾ of the time 
4 - Around half of the time 
5 - Around ¼ of the time 
6 - Almost never 
7 - Never 

8 - DK",NA,NA,NA,NA,NA
Personal protective equipment,Q32,Do you always use it when it is required?,"1 - Yes
2 - No

8 - DK/no opinion (spontaneous)
9 - Refusal (spontaneous)",Trend 2010,Q29,Do you always use it when it is required?,"1 - Yes
2 - No

8 - DK/no opinion (spontaneous)
9 - Refusal (spontaneous)",NA,NA,NA,NA,NA,NA,NA,NA,NA,NA,NA,NA,NA,NA,NA,NA,NA,NA,NA
Information regarding  risks,Q33,"Regarding the health and safety risks related to performance of your job, how well informed would you say you are?","1 - Very well informed
2 - Well informed 
3 - Not very well informed 
4 - Not at all well informed 

8 - DK/no opinion (spontaneous)
9 - Refusal (spontaneous)",Trend 2005/91,Q30,"Regarding the health and safety risks related to performance of your job, how well informed would you say you are?","1 - Very well informed
2 - Well informed 
3 - Not very well informed 
4 - Not at all well informed 

8 - DK/no opinion (spontaneous)
9 - Refusal (spontaneous)",Q12,"Regarding the health and safety risks related to performance of your job, how well informed would you say you are?","1 - Very well informed
2 - Well informed 
3 - Not very well informed 
4 - Not at all well informed 

7 - Not applicable (spontaneous)
8 - DK/no opinion (spontaneous)
9 - Refusal (spontaneous)",Q10,"Would you say you are very well informed, fairly well informed, not very well informed or not at all well informed about the risks resulting from the use of materials, instruments or products which you handle in your job ?","1 - Very well informed  
2 - Fairly well informed  
3 - Not very well informed  
4 - Not at all well informed  

5 - Not applicable (SPONTANEOUS)  
6 - DK",Q13,"Would you say you are very well informed, fairly well informed, not very well informed or not at all well informed about the risks resulting from the use of materials, instruments or products which you handle in your job ?","1 - Very well informed  
2 - Fairly well informed  
3 - Not very well informed  
4 - Not at all well informed  

5 - Not applicable (SPONTANEOUS)  
6 - DK",Q16,Q16,Q12,"Would you say you are very well informed, quite well informed, quite badly informed or very badly informed about the risks resulting from the use of materials, instruments or products which you handle in your job?","1 - very well informed
2 - quite well informed
3 - quite badly informed
4 - very badly informed

5 - not applicable
6 - don't know",A22,-,a22,"Would you say you are very well informed, quite well informed, quite badly informed or very badly informed about the risks resulting from the use of instruments or products which you handle in your job ?","1 - very well informed
2 - quite well informed
3 - quite badly informed
4 - very badly informed

5 - don't know"
client work (visits),Q34,"Does your work involve visiting customers, patients, clients or working at their premises or in their home?","1 - Yes
2 - No

8 - DK/no opinion (spontaneous)
9 - Refusal (spontaneous)",New,Q25,"Does your work involve visiting customers, patients, clients or working at their premises or in their home?","1 - Yes
2 - No

8 - DK/no opinion (spontaneous)
9 - Refusal (spontaneous)",NA,NA,NA,NA,NA,NA,NA,NA,NA,NA,NA,NA,NA,NA,NA,NA,NA,NA,NA
Place of work (employer's premises),Q35a,"Please take a look at these locations. In a moment, I will ask you how often you have worked in each location during the last 12 months in your main paid job / (IF Q17=00: since you started your main paid job)].  
A - Your employer’s/your own business’ premises (office, factory, shop, school, etc.)","1 - Daily
2 - Several times a week
3 - Several times a month
4 - Several times during the year
5 - Never

8 - DK
9 - Refusal",Modified Trend,Q27.a,"You mentioned  that your main place of work is [ANSWER IN Q26].  Have you worked in any other location in the past 3 months? My employers’/my own business’ premises  (office, factory, shop, school, etc.)","1 - Yes
2 - No

8 - DK/no opinion (spontaneous)
9 - Refusal (spontaneous)",NA,NA,NA,NA,NA,NA,NA,NA,NA,NA,NA,NA,NA,NA,NA,NA,NA,NA,NA
Place of work (clients' premises),Q35b,"Please take a look at these locations. In a moment, I will ask you how often you have worked in each location during the last 12 months in your main paid job / (IF Q17=00: since you started your main paid job)].  
B - Clients’ premises","1 - Daily
2 - Several times a week
3 - Several times a month
4 - Several times during the year
5 - Never

8 - DK
9 - Refusal",Modified Trend,Q27.b,You mentioned  that your main place of work is [ANSWER IN Q26].  Have you worked in any other location in the past 3 months? Clients’ premises,"1 - Yes
2 - No

8 - DK/no opinion (spontaneous)
9 - Refusal (spontaneous)",NA,NA,NA,NA,NA,NA,NA,NA,NA,NA,NA,NA,NA,NA,NA,NA,NA,NA,NA
"Place of work (car, vehicle)",Q35c,"Please take a look at these locations. In a moment, I will ask you how often you have worked in each location during the last 12 months in your main paid job / (IF Q17=00: since you started your main paid job)].  
C - A car or another vehicle","1 - Daily
2 - Several times a week
3 - Several times a month
4 - Several times during the year
5 - Never

8 - DK
9 - Refusal",Modified Trend,Q27.c,You mentioned  that your main place of work is [ANSWER IN Q26].  Have you worked in any other location in the past 3 months? A car or another vehicle,"1 - Yes
2 - No

8 - DK/no opinion (spontaneous)
9 - Refusal (spontaneous)",NA,NA,NA,NA,NA,NA,NA,NA,NA,NA,NA,NA,NA,NA,NA,NA,NA,NA,NA
Place of work (outside),Q35d,"Please take a look at these locations. In a moment, I will ask you how often you have worked in each location during the last 12 months in your main paid job / (IF Q17=00: since you started your main paid job)].  
D - An outside site (e.g. construction site, agricultural field, streets of a city)","1 - Daily
2 - Several times a week
3 - Several times a month
4 - Several times during the year
5 - Never

8 - DK
9 - Refusal",Modified Trend,Q27.d,"You mentioned  that your main place of work is [ANSWER IN Q26].  Have you worked in any other location in the past 3 months? An outside site (construction site, agricultural field, streets of a city)","1 - Yes
2 - No

8 - DK/no opinion (spontaneous)
9 - Refusal (spontaneous)",NA,NA,NA,NA,NA,NA,NA,NA,NA,NA,NA,NA,NA,NA,NA,NA,NA,NA,NA
Place of work (home),Q35e,"Please take a look at these locations. In a moment, I will ask you how often you have worked in each location during the last 12 months in your main paid job / (IF Q17=00: since you started your main paid job)].  
E - Your own home","1 - Daily
2 - Several times a week
3 - Several times a month
4 - Several times during the year
5 - Never

8 - DK
9 - Refusal",Modified Trend,Q27.e,You mentioned  that your main place of work is [ANSWER IN Q26].  Have you worked in any other location in the past 3 months? My own home,"1 - Yes
2 - No

8 - DK/no opinion (spontaneous)
9 - Refusal (spontaneous)",NA,NA,NA,NA,NA,NA,NA,NA,NA,NA,NA,NA,NA,NA,NA,NA,NA,NA,NA
Place of work (public),Q35f,"Please take a look at these locations. In a moment, I will ask you how often you have worked in each location during the last 12 months in your main paid job / (IF Q17=00: since you started your main paid job)].  
F - Public spaces such a coffee shops, airports etc.","1 - Daily
2 - Several times a week
3 - Several times a month
4 - Several times during the year
5 - Never

8 - DK
9 - Refusal",NEW,NA,NA,NA,NA,NA,NA,NA,NA,NA,NA,NA,NA,NA,NA,NA,NA,NA,NA,NA,NA,NA,NA
Commuting time,Q36,"In total, how many minutes per day do you usually spend travelling from home to work and back?","# Number of minutes per day

777 - Not relevant (not applicable) 
888 - DK/no opinion (spontaneous)
999 - Refusal (spontaneous)",Trend,Q31,"In total, how many minutes per day do you usually spend travelling from home to work and back?","# Number minutes per day

000 - Not relevant (not applicable) 
888 - DK/no opinion (spontaneous)
999 - Refusal (spontaneous)",Q13,"In total, how many minutes per day do you normally spend travelling from home to work and back?","# Number minutes per day

888 - DK/no opinion (spontaneous)
999 - Refusal (spontaneous)",Q12,"In total, how many minutes per day do you normally spend travelling from home to work and back","# Number minutes per day

1 - not relevant
2 - DK/no opinion (spontaneous)",Q15,"In total, how many minutes per day do you normally spend travelling from home to work and back?","# Number minutes per day

1 - not relevant
2 - DK/no opinion (spontaneous)",Q13,Q13,Q13,How many minutes per day do you normally spend travelling from home to work and back in total?,# Number minutes per day,NA,NA,NA,NA,NA
Working time (night),Q37a,"Normally, how many times a month do you work….. at night, for at least 2 hours between 10.00 pm and 05.00 am?","# Number of nights per month

00 - Never
88 - DK/no opinion (spontaneous)
99 - Refusal (spontaneous)",Trend 2000,Q32,"Normally, how many times a month do you work at night, for at least 2 hours between 10.00 pm and 05.00 am?","# Number of nights per month

00 - Never
88 - DK/no opinion (spontaneous)
99 - Refusal (spontaneous)",Q14a,"Normally, how many times a month do you work at night, for at least 2 hours between 10.00 pm and 05.00 am?","# Number of nights per month
  
00 - never
88 - DK/no opinion (spontaneous)
99 - Refusal (spontaneous)",Q13a,"Normally, how many times a month do you work at night, say for at least 2 hours between 10.00 pm and 05.00 am?","# Number of nights per month

00 - never
99 - DK/no opinion (spontaneous)",Q16a,"Normally, how many times a month do you work at night, say for at least 2 hours between 10.00 pm and 05.00 am?","# Number of nights per month

00 - never
99 - DK/no opinion (spontaneous)",Q18a,Q18a,Q14a,"Normally, how many times a month do you typically work at night, say for at least 2
hours between 10.00pm and 05.00am?",# Number of nights per month,A11_g,Q12,q14a,Does your work involve: 12 Working at night?,"1 - All the time 
2 - Almost all the time 
3 - Around ¾ of the time 
4 - Around half the time 
5 - Around ¼ of the time 
6 - Almost never 
7 - Never 

8 - DK"
Working time (Sunday),Q37b,"And how many times a month do you work…
on Sundays? [PROG: DO NOT ACCEPT 06-31]
","# Number of Sundays per month

00 - Never
88 - DK/no opinion (spontaneous)
99 - Refusal (spontaneous)",Trend 95,Q34,And how many times a month do you work on Sundays?,"# Number of Sundays per month

00 - Never
88 - DK/no opinion (spontaneous)
99 - Refusal (spontaneous)",Q14c,And how many times a month do you work on Sundays?,"# Number of Sundays per month
  
00 - never
88 - DK/no opinion (spontaneous)
99 - Refusal (spontaneous)",Q13c,And how many times a month do you work on Sundays?,"# Number of Sundays per month
  
00 - never
99 - DK/no opinion (spontaneous)",Q16c,And how many times a month do you work on Sundays?,"# Number of Sundays per month
  
00 - never
99 - DK/no opinion (spontaneous)",Q18b,Q18b,Q14c,How many times a month do you typically work on Sundays?,"# Number of Sundays per month
  
00 - never
99 - DK/no opinion (spontaneous)",NA,NA,NA,NA,NA
Working time (Saturday),Q37c,"And how many times a month do you work…..
on Saturdays? [PROG: DO NOT ACCEPT 06-31]","# Number of Saturdays per month

00 - Never
88 - DK/no opinion (spontaneous)
99 - Refusal (spontaneous)",Trend 95,Q35,And how many times a month do you work on Saturdays?,"# Number of Saturdays per month

00 - Never
88 - DK/no opinion (spontaneous)
99 - Refusal (spontaneous)",Q14d,And how many times a month do you work on Saturdays?,"# Number of Saturdays per month
  
00 - never
88 - DK/no opinion (spontaneous)
99 - Refusal (spontaneous)",Q13d,And how many times a month do you work on Saturdays?,"# Number of Saturdays per month
  
00 - never
99 - DK/no opinion (spontaneous)",Q16d,And how many times a month do you work on Saturdays?,"# Number of Saturdays per month
  
00 - never
99 - DK/no opinion (spontaneous)",Q18c,Q18c,Q14d,And on Saturdays,"# Number of Saturdays per month
  
00 - never
99 - DK/no opinion (spontaneous)",NA,NA,NA,NA,NA
Working time (>=10pd),Q37d,"And how many times a month do you work…. 
more than 10 hours a day?","# Number of times the person works more than 10 hours a day

00 - Never
88 - DK/no opinion (spontaneous)
99 - Refusal (spontaneous)",Trend 2000,Q36,And how many times a month do you work more than 10 hours a day?,"# Number of times the person works more than 10 hours a day

00 - Never
88 - DK/no opinion (spontaneous)
99 - Refusal (spontaneous)",Q14e,And how many times a month do you work more than 10 hours a day?,"# Number of times the person works more than 10 hours a day
  
00 - never
88 - DK/no opinion (spontaneous)
99 - Refusal (spontaneous)",Q13e,And how many times a month do you work more than 10 hours a day?,"# Number of times the person works more than 10 hours a day
  
00 - never
99 - DK/no opinion (spontaneous)",Q16e,And how many times a month do you work more than 10 hours a day?,"# Number of times the person works more than 10 hours a day
  
00 - never
99 - DK/no opinion (spontaneous)",NA,NA,NA,NA,NA,NA,NA,NA,NA,NA
Working time (period of rest),Q38,"The following question is about the amount of time available to you between working days. This period in which you don’t work starts at the moment when you finish working for the day and ends at the time when you start working again.
Thinking of the last month, has it happened at least once that you had less than 11 hours between 2 working days?","1 - Yes
2 - No

8 - DK/no opinion (spontaneous)
9 - Refusal (spontaneous)",New,NA,NA,NA,NA,NA,NA,NA,NA,NA,NA,NA,NA,NA,NA,NA,NA,NA,NA,NA,NA,NA,NA
Work schedule (regularity - day),Q39a,"Do you work...?
A -The same number of hours every day","1 - Yes
2 - No

8 - DK/no opinion (spontaneous)
9 - Refusal (spontaneous)",Trend 2000,Q37A,Do you work...? The same number of hours every day,"1 - Yes
2 - No

8 - DK/no opinion (spontaneous)
9 - Refusal (spontaneous)",Q16a.A,Do you work...? The same number of hours every day,"1 - Yes
2 - No

8 - DK (spontaneous)
9 - Refusal (spontaneous)",Q15a.1,Do you work...? the same number of hours every day.,"1 - Yes
2 - No

3 - DK (spontaneous)",Q18a.1,Do you work...? the same number of hours every day.,"1 - Yes
2 - No

3 - DK (spontaneous)",NA,NA,NA,NA,NA,NA,NA,NA,NA,NA
Work schedule (regularity - N of days  ),Q39b,"Do you work...?
B - The same number of days every week","1 - Yes
2 - No

8 - DK/no opinion (spontaneous)
9 - Refusal (spontaneous)",Trend 2000,Q37B,Do you work...? The same number of days every week,"1 - Yes
2 - No

8 - DK/no opinion (spontaneous)
9 - Refusal (spontaneous)",Q16a.B,Do you work...? The same number of days every week,"1 - Yes
2 - No

8 - DK (spontaneous)
9 - Refusal (spontaneous)",Q15a.2,Do you work...? the same number of days every week,"1 - Yes
2 - No

3 - DK (spontaneous)",Q18a.2,Do you work...? the same number of days every week,"1 - Yes
2 - No

3 - DK (spontaneous)",NA,NA,NA,NA,NA,NA,NA,NA,NA,NA
Work schedule (same hours each week),Q39c,"Do you work...?
C- The same number of hours every week","1 - Yes
2 - No

8 - DK/no opinion (spontaneous)
9 - Refusal (spontaneous)",Trend,Q37C,Do you work...? The same number of hours every week,"1 - Yes
2 - No

8 - DK/no opinion (spontaneous)
9 - Refusal (spontaneous)",NA,NA,NA,NA,NA,NA,NA,NA,NA,NA,NA,NA,NA,NA,NA,NA,NA,NA,NA
Work schedule (fixed start/end),Q39d,"Do you work...?
D - Fixed starting and finishing times","1 - Yes
2 - No

8 - DK/no opinion (spontaneous)
9 - Refusal (spontaneous)",Trend 2000/ modified 1995,Q37D,Do you work...? Fixed starting and finishing times,"1 - Yes
2 - No

8 - DK/no opinion (spontaneous)
9 - Refusal (spontaneous)",Q16a.C,Do you work...? Fixed starting and finishing times,"1 - Yes
2 - No

8 - DK (spontaneous)
9 - Refusal (spontaneous)",Q15a.3,Do you work...? along the same time schedule every day (M),"1 - Yes
2 - No

3 - DK (spontaneous)",Q18a.3,Do you work...? fixed starting and finishing times,"1 - Yes
2 - No

3 - DK (spontaneous)",Q20.4,Q20.4,Q16a.C,For each of the following statements please answer Yes or No You have fixed starting and finishing times every day,"1 - Yes
2 - No

3 - DK (spontaneous)",NA,NA,NA,NA,NA
Work schedule (shifts),Q39e,"Do you work...?
E - Shifts","1 - Yes
2 - No

8 - DK/no opinion (spontaneous)
9 - Refusal (spontaneous)",Trend 2000,Q37F,Do you work...? Shifts,"1 - Yes
2 - No

8 - DK/no opinion (spontaneous)
9 - Refusal (spontaneous)",Q16a.D,Do you work...? Shifts,"1 - Yes
2 - No

8 - DK (spontaneous)
9 - Refusal (spontaneous)",Q15a.4,"Do you work...? shifts (2x8, 3x8, 4x8,... shifts) (N)","1 - Yes
2 - No

3 - DK (spontaneous)",Q18b,Do you work shifts?,"1 - Yes
2 - No

3 - DK (spontaneous)",Q19,Q19,q19_n,"Do you work shifts (that is sometimes working mornings, sometimes afternoons or sometimes nights) or irregular hours, or not?","1 - no. not working shifts or irregular hours
2 - yes, I work irregular hours, but not in a shift
3 - yes, 2 shifts
4 - yes, 3 shifts
5 - yes, 4 shifts
6 - yes, 5 shifts and over

7 - don't know",A4,-,a4,Do you work shifts ?,"1 - Yes
2 - No

3 - DK (spontaneous)"
on call ( short notice to come to work),Q40,"Over the last 12 months [IF Q17=00: Since you started your main paid job], how often have you been requested to come into work at short notice?","1 - Daily
2 - Several times a week
3 - Several times a month
4 - Less often
5 - Never

8 - DK
9 - Refusal",New,NA,NA,NA,NA,NA,NA,NA,NA,NA,NA,NA,NA,NA,NA,NA,NA,NA,NA,NA,NA,NA,NA
Type of Shift work,Q41,Do you work...?,"1 - Daily split shifts (with a break of at least 4 hours in between)
2 - Permanent shifts (morning, afternoon or night)
3 - Alternating / rotating shifts
4 - Other (spontaneous)

8 - DK/no opinion (spontaneous)
9 - Refusal (spontaneous)",Trend 2005 / 2000,Q38,Do you work...?,"1 - daily split shifts (with a break of at least 4 hours in between)
2 - permanent shifts (morning, afternoon or night)
3 - alternating / rotating shifts
4 - Other (spontaneous)

8 - DK/no opinion (spontaneous)
9 - Refusal (spontaneous)",Q16b,Do you work...?,"1 - daily split shifts (with a break of at least 4 hours in between)
2 - permanent shifts (morning, afternoon or night)
3 - alternating / rotating shifts
4 - Other (spontaneous)

8 - DK/no opinion (spontaneous)
9 - Refusal (spontaneous)",Q15b,Do you work...?,"1 - daily split shifts (with a break of at least 4 hours in between) (M) 
2 - permanent night shifts 
3 - permanent afternoon shifts 
4 - permanent morning shifts 
5 - alternating morning and afternoon shifts  
6 - alternating day and night shifts  
7 - alternating morning/afternoon/night shifts  

8 - Other (SPONTANEOUS)  
9 - DK",Q18c,Do you work...?,"1 - daily split shifts (with a break of at least 4 hours in between) (M) 
2 - permanent night shifts 
3 - permanent afternoon shifts 
4 - permanent morning shifts 
5 - alternating morning and afternoon shifts  
6 - alternating day and night shifts  
7 - alternating morning/afternoon/night shifts  

8 - Other (SPONTANEOUS)",NA,NA,NA,NA,NA,NA,NA,NA,NA,NA
Changes in work schedule (initiative),Q42,How are your working time arrangements set?,"1 - They are set by the company / organisation with no possibility for changes
2 - You can choose between several fixed working schedules determined by the company/organisation
3 - You can adapt your working hours within certain limits ( eg flexytime) 
4 - Your working hours are entirely determined by yourself 

8 - DK/no opinion (spontaneous)
9 - Refusal (spontaneous)",Trend 2005 /2000,Q39,How are your working time arrangements set?,"1 - They are set by the company / organisation with no possibility for changes
2 - You can choose between several fixed working schedules determined by the company/organisation
3 - You can adapt your working hours within certain limits (e.g. flexitime)
4 - Your working hours are entirely determined by yourself 

8 - DK/no opinion (spontaneous)
9 - Refusal (spontaneous)",Q17a,How are your working time arrangements set?,"1 - They are set by the company / organisation with no possibility for changes
2 - You can choose between several fixed working schedules determined by the company/ organisation
3 - You can adapt your working hours within certain limits (eg. flexitime)
4 - Your working hours are entirely determined by yourself 

8 - DK/no opinion (spontaneous)
9 - Refusal (spontaneous)",Q16a,How are you working hours set?,"1 - They are set by the company with no possibility for changes 
2 - You can choose between several working schedules (fixed schedules determined by the company or flexible working hours) 
3 - Your working hours are entirely determined by yourself 

4 - Other (SPONTANEOUS)  
5 - DK",NA,NA,NA,NA,NA,NA,NA,NA,NA,NA,NA,NA,NA
Changes in work schedule (notice),Q43,Do changes to your working time arrangements occur regularly? (IF YES) How long before are you informed about these changes?,"1 - No 
2 - Yes, the same day
3 - Yes, the day before
4 - Yes, several days in advance
5 - Yes, several weeks in advance 
6 - Other (spontaneous)

8 - DK/no opinion (spontaneous)
9 - Refusal (spontaneous)",Modified Trend 2005,Q40,Do changes to your work schedule occur regularly? (IF YES) How long before are you informed about these changes?,"1 - No 
2 - Yes, the same day
3 - Yes, the day before
4 - Yes, several days in advance
5 - Yes, several weeks in advance 
6 - Other (spontaneous)

8 - DK/no opinion (spontaneous)
9 - Refusal (spontaneous)",Q17b,Do changes to your work schedule occur regularly? (IF YES) How long before are you informed about these changes?,"1 - No 
2 - Yes, the same day
3 - Yes, the day before
4 - Yes, several days in advance
5 - Yes, several weeks in advance 
6 - Other (spontaneous)

8 - DK/no opinion (spontaneous)
9 - Refusal (spontaneous)",Q16b,Do changes to your work schedule occur regularly? (IF YES) How long before are you informed about these changes?,"1 - No  
2 - Yes, the same day  
3 - Yes, the day before  
4 - Yes, several days in advance  
5 - Yes, several weeks in advance  

6 - Other (SPONTANEOUS)  
7 - DK",Q19a-b,"Usually, how many times a month do your scheduled working times change ? 1) It never changes. 2) It changes","A) 
1 - It never changes  
2 - It changes

B)
1 - On the same day
2 - It depends (spontaneous)
3 - # Number of days 
",NA,NA,NA,NA,NA,NA,NA,NA,NA,NA
Work-life balance,Q44,"The following questions deal with the impact of work on your private life and the other way around.

In general, how do your working hours fit in with your family or social commitments outside work?","1 - Very well 
2 - Well 
3 - Not very well
4 - Not at all well

8 - DK/no opinion (spontaneous)
9 - Refusal (spontaneous)",Trend 2005,Q41,"In general, do your working hours fit in with your family or social commitments outside work very well, well, not very well or not at all well?","1 - Very well 
2 - Well 
3 - Not very well
4 - Not at all well

8 - DK/no opinion (spontaneous)
9 - Refusal (spontaneous)",Q18,"In general, do your working hours fit in with your family or social commitments outside work very well, well, not very well or not at all well?","1 - Very well 
2 - Well 
3 - Not very well
4 - Not at all well

8 - DK/no opinion (spontaneous)
9 - Refusal (spontaneous)",Q17,"In general, do your working hours fit in with your family or social commitments outside work very well, fairly well, not very well or not at all well?","1 - Very well  
2 - Fairly well  
3 - Not very well  
4 - Not at all well  

5 - DK",Q20,"In general, do your working hours fit in with your family or social commitments outside work very well, fairly well, not very well or not at all well?","1 - Very well  
2 - Fairly well  
3 - Not very well  
4 - Not at all well  

5 - DK",NA,NA,NA,NA,NA,NA,NA,NA,NA,NA
Work-life balance - work family conflicts (stressor),Q45a,"How often in the last 12 months, have you…? / [IF Q17=00: Since you started your main paid job, how often have you…?] 
A - kept worrying about work when you were not working","1 - Always
2 - Most of the time
3 - Sometimes
4 - Rarely
5 - Never

7 - Not Applicable
8 - DK
9 - Refusal",New,NA,NA,NA,NA,NA,NA,NA,NA,NA,NA,NA,NA,NA,NA,NA,NA,NA,NA,NA,NA,NA,NA
Work-life balance - work family conflicts (tired household jobs),Q45b,"How often in the last 12 months, have you…? / [IF Q17=00: Since you started your main paid job, how often have you…?] 
B - felt too tired after work to do some of the household jobs which need to be done","1 - Always
2 - Most of the time
3 - Sometimes
4 - Rarely
5 - Never

7 - Not Applicable
8 - DK
9 - Refusal",New,NA,NA,NA,NA,NA,NA,NA,NA,NA,NA,NA,NA,NA,NA,NA,NA,NA,NA,NA,NA,NA,NA
Work-life balance - work family conflict (family time),Q45c,"How often in the last 12 months, have you…? / [IF Q17=00: Since you started your main paid job, how often have you…?] 
C - found that your job prevented you from giving the time you wanted to your family","1 - Always
2 - Most of the time
3 - Sometimes
4 - Rarely
5 - Never

7 - Not Applicable
8 - DK
9 - Refusal",New,NA,NA,NA,NA,NA,NA,NA,NA,NA,NA,NA,NA,NA,NA,NA,NA,NA,NA,NA,NA,NA,NA
Work-life balance - work family conflict (difficulties at work),Q45d,"How often in the last 12 months, have you…? / [IF Q17=00: Since you started your main paid job, how often have you…?] 
D - found it difficult to concentrate on your job because of your family responsibilities","1 - Always
2 - Most of the time
3 - Sometimes
4 - Rarely
5 - Never

7 - Not Applicable
8 - DK
9 - Refusal",New,NA,NA,NA,NA,NA,NA,NA,NA,NA,NA,NA,NA,NA,NA,NA,NA,NA,NA,NA,NA,NA,NA
Work-life balance - work family conflict (time for work),Q45e,"How often in the last 12 months, have you…? / [IF Q17=00: Since you started your main paid job, how often have you…?] 
E - found that your family responsibilities prevented you from giving the time you should to your job","1 - Always
2 - Most of the time
3 - Sometimes
4 - Rarely
5 - Never

7 - Not Applicable
8 - DK
9 - Refusal",New,NA,NA,NA,NA,NA,NA,NA,NA,NA,NA,NA,NA,NA,NA,NA,NA,NA,NA,NA,NA,NA,NA
Work-life balance (work in free time),Q46,"Over the last 12 months, how often have you worked in your free time to meet work demands? [IF Q17=00: Since you started your main paid job, how often have you worked in your free time to meet work demands?]","1 - Daily
2 - Several times a week
3 - Several times a month
4 - Less often
5 - Never

7 - Not applicable
8 - DK
9 - Refusal",Modified Trend,Q42,Over the last 12 months how often has it happened to you that you have worked in your free time in order to meet work demands?,"1 - Nearly every day
2 - Once or twice a week 
3 - Once or twice a month
4 - Less often
5 - Never

7 - Not applicable 
8 - DK/no opinion (spontaneous)
9 - Refusal (spontaneous)",NA,NA,NA,NA,NA,NA,NA,NA,NA,NA,NA,NA,NA,NA,NA,NA,NA,NA,NA
Work-life balance (take short time off),Q47,Would you say that for you arranging to take an hour or two off during working hours to take care of personal or family matters is ... ?,"1 - Very easy
2 - Fairly easy
3 - Fairly difficult 
4 - Very difficult 

8 - DK/no opinion (spontaneous)
9 - Refusal (spontaneous)",Modified Trend 2010,Q43,Would you say that for you  arranging to take an hour or two off during working hours to take care of personal or family matters is ... ?,"1- Not difficult at all 
2 - Not too difficult 
3- Somewhat difficult 
4 - Very difficult 

8 - DK/no opinion (spontaneous)
9 - Refusal (spontaneous)",NA,NA,NA,NA,NA,NA,NA,NA,NA,NA,NA,NA,NA,NA,NA,NA,NA,NA,NA
Repetitive tasks (1 minute),Q48a,"The following questions deal with the way your work is organised.

Please tell me, does your job involve short repetitive tasks of less than ... ?
A - 1 minute","1 - Yes
2 - No

8 - DK/no opinion (spontaneous)
9 - Refusal (spontaneous)",Trend 2000,Q44A,"Please tell me, does your job involve short repetitive tasks of less than ... ? 1 minute","1 - Yes
2 - No

8 - DK/no opinion (spontaneous)
9 - Refusal (spontaneous)",Q20a.A,"Please tell me, does your job involve short repetitive tasks of less than...? 1 minute","1 - Yes
2 - No

8 - DK (spontaneous)
9 - Refusal (spontaneous)",Q18a.3,"Please tell me, does your job involve short repetitive tasks of less than...? 1 minute","1 - Yes
2 - No

3 - DK (spontaneous)",Q21a.3,"Please tell me, does your job involve short repetitive tasks of less than...? 1 minute","1 - Yes
2 - No

3 - DK (spontaneous)",Q15.3,Q15.3,q15c,How often does your main paid job involve each of the following? Short repetitive tasks of less than 10 minutes,"1 - All of the time 
2 - Almost all of the time 
3 - Around ¾ of the time 
4 - Around half of the time 
5 - Around ¼ of the time 
6 - Almost never 
7 - Never 

8 - DK",A11_e,Q10,q20a_b,Does your work involve: 10 Carrying out short repetitive tasks?,"1 - All the time 
2 - Almost all the time 
3 - Around ¾ of the time 
4 - Around half the time 
5 - Around ¼ of the time 
6 - Almost never 
7 - Never 

8 - DK"
Repetitive tasks (10 minutes),Q48b,"Please tell me, does your job involve short repetitive tasks of less than ... ?
B - 10 minutes","1 - Yes
2 - No

8 - DK/no opinion (spontaneous)
9 - Refusal (spontaneous)",Trend 2000,Q44B,"Please tell me, does your job involve short repetitive tasks of less than ... ? 10 minute","1 - Yes
2 - No

8 - DK/no opinion (spontaneous)
9 - Refusal (spontaneous)",Q20a.B,"Please tell me, does your job involve short repetitive tasks of less than...? 10 minute","1 - Yes
2 - No

8 - DK (spontaneous)
9 - Refusal (spontaneous)",Q18a.5,"Please tell me, does your job involve short repetitive tasks of less than...? 10 minute","1 - Yes
2 - No

3 - DK (spontaneous)",Q21a.5,"Please tell me, does your job involve short repetitive tasks of less than...? 10 minute","1 - Yes
2 - No

3 - DK (spontaneous)",Q15.3,Q15.3,Q20a.B,How often does your main paid job involve each of the following? Short repetitive tasks of less than 10 minutes,"1 - All of the time 
2 - Almost all of the time 
3 - Around ¾ of the time 
4 - Around half of the time 
5 - Around ¼ of the time 
6 - Almost never 
7 - Never 

8 - DK",A11_e,Q10,q20a_b,Does your work involve: 10 Carrying out short repetitive tasks?,"1 - All the time 
2 - Almost all the time 
3 - Around ¾ of the time 
4 - Around half the time 
5 - Around ¼ of the time 
6 - Almost never 
7 - Never 

8 - DK"
Pace of work (high speed),Q49a,"And, does your job involve ... ?
A - working at very high speed","1 - All of the time
2 - Almost all of the time
3 - Around ¾ of the time
4 - Around half of the time
5 - Around ¼ of the time
6 - Almost never
7 - Never

8 - DK
9 - Refusal","Trend, 91",Q45A,"And, does your job involve ... ? working at very high speed","1 - All of the time 
2 - Almost all of the time 
3 - Around ¾ of the time 
4 - Around half of the time 
5 - Around ¼ of the time 
6 - Almost never 
7 - Never 

8 - DK 
9 - Refusal",Q20b.A,"And, does your job involve ...? working at very high speed","1 - All of the time 
2 - Almost all of the time 
3 - Around ¾ of the time 
4 - Around half of the time 
5 - Around ¼ of the time 
6 - Almost never 
7 - Never 

8 - DK 
9 - Refusal",Q18b.1,"And, does your job involve ...? working at very high speed","1 - All of the time 
2 - Almost all of the time 
3 - Around ¾ of the time 
4 - Around half of the time 
5 - Around ¼ of the time 
6 - Almost never 
7 - Never 

8 - DK",Q21b.1,"And, does your job involve ...? working at very high speed","1 - All of the time 
2 - Almost all of the time 
3 - Around ¾ of the time 
4 - Around half of the time 
5 - Around ¼ of the time 
6 - Almost never 
7 - Never 

8 - DK",Q15.7,Q15.7,Q20b.A,How often does your main paid job involve each of the following? Working at very high sped,"1 - All of the time 
2 - Almost all of the time 
3 - Around ¾ of the time 
4 - Around half of the time 
5 - Around ¼ of the time 
6 - Almost never 
7 - Never 

8 - DK",A11_c,Q8,q20b_a,Does your work involve: 8 Working at a very high speed?,"1 - All the time 
2 - Almost all the time 
3 - Around ¾ of the time 
4 - Around half the time 
5 - Around ¼ of the time 
6 - Almost never 
7 - Never 

8 - DK"
Pace of work (tight deadlines),Q49b,"And, does your job involve ... ?
B- working to tight deadlines","1 - All of the time
2 - Almost all of the time
3 - Around ¾ of the time
4 - Around half of the time
5 - Around ¼ of the time
6 - Almost never
7 - Never

8 - DK
9 - Refusal","Trend, 91",Q45B,"And, does your job involve ... ? working to tight deadlines","1 - Yes
2 - No

8 - DK/no opinion (spontaneous)
9 - Refusal (spontaneous)",Q20b.B,"And, does your job involve ...? working to tight deadlines","1 - All of the time 
2 - Almost all of the time 
3 - Around ¾ of the time 
4 - Around half of the time 
5 - Around ¼ of the time 
6 - Almost never 
7 - Never 

8 - DK 
9 - Refusal",Q18b.2,"And, does your job involve ...? working to tight deadlines","1 - All of the time 
2 - Almost all of the time 
3 - Around ¾ of the time 
4 - Around half of the time 
5 - Around ¼ of the time 
6 - Almost never 
7 - Never 

8 - DK",Q21b.2,"And, does your job involve ...? working to tight deadlines","1 - All of the time 
2 - Almost all of the time 
3 - Around ¾ of the time 
4 - Around half of the time 
5 - Around ¼ of the time 
6 - Almost never 
7 - Never 

8 - DK",Q15.8,Q15.8,Q20b.B,How often does your main paid job involve each of the following? Working to tight deadlines,"1 - All of the time 
2 - Almost all of the time 
3 - Around ¾ of the time 
4 - Around half of the time 
5 - Around ¼ of the time 
6 - Almost never 
7 - Never 

8 - DK",A11_d,Q9,q20b_b,Does your work involve: 9 Working to tight deadlines?,"1 - All the time 
2 - Almost all the time 
3 - Around ¾ of the time 
4 - Around half the time 
5 - Around ¼ of the time 
6 - Almost never 
7 - Never 

8 - DK"
Factors of pace (colleagues),Q50a,"On the whole, is your pace of work dependent on ... ?
A - the work done by colleagues","1 - Yes
2 - No

7 - Not applicable
8 - DK/no opinion (spontaneous)
9 - Refusal (spontaneous)",Trend 95,Q46.A,"On the whole, is your pace of work dependent, or not, on ... ? the work done by colleagues","1 - Yes
2 - No

8 - DK/no opinion (spontaneous)
9 - Refusal (spontaneous)",Q21.A,"On the whole, is your pace of work dependent, or not, on...? the work done by colleagues","1 - Yes
2 - No

8 - DK (spontaneous)
9 - Refusal (spontaneous)",Q19.1,"On the whole, is your pace of work dependent, or not, on...? the work done by colleagues","1 - Yes
2 - No

3 - DK (spontaneous)",Q22.1,"On the whole, is your pace of work dependent, or not, on...? the work done by colleagues","1 - Yes
2 - No

3 - DK (spontaneous)",Q21.1,Q21.1,Q21.A,"On the whole, is your pace of work dependent, or not on? The work done by colleagues","1 - Yes
2 - No

3 - DK (spontaneous)",NA,NA,NA,NA,NA
Factors of pace (customer demands),Q50b,"On the whole, is your pace of work dependent on ... ?
B - direct demands from people such as customers, passengers, pupils, patients, etc.","1 - Yes
2 - No

8 - DK/no opinion (spontaneous)
9 - Refusal (spontaneous)",Modified trend 2001,Q46.B,"On the whole, is your pace of work dependent, or not, on ... ? direct demands from people such as customers, passengers, pupils, patients, etc.","1 - Yes
2 - No

8 - DK/no opinion (spontaneous)
9 - Refusal (spontaneous)",Q21.B,"On the whole, is your pace of work dependent, or not, on...? direct demands from people such as customers, passengers, pupils, patients, etc.","1 - Yes
2 - No

8 - DK (spontaneous)
9 - Refusal (spontaneous)",Q19.2,"On the whole, is your pace of work dependent, or not, on...? direct demands from people such as customers, passengers, pupils, patients, etc.","1 - Yes
2 - No

3 - DK (spontaneous)",Q22.2,"On the whole, is your pace of work dependent, or not, on...? direct demands from people such as customers, passengers, pupils, patients, etc.","1 - Yes
2 - No

3 - DK (spontaneous)",Q21.2,Q21.2,Q21.B,"On the whole, is your pace of work dependent, or not on? Direct demands from people such as customers, passengers, pupils, patients etc.","1 - Yes
2 - No

3 - DK (spontaneous)",NA,NA,NA,NA,NA
Factors of pace (production targets),Q50c,"On the whole, is your pace of work dependent on ... ?
C - numerical production targets or performance targets","1 - Yes
2 - No

8 - DK/no opinion (spontaneous)
9 - Refusal (spontaneous)",Trend 95,Q46.C,"On the whole, is your pace of work dependent, or not, on ... ? numerical production targets or performance targets","1 - Yes
2 - No

8 - DK/no opinion (spontaneous)
9 - Refusal (spontaneous)",Q21.C,"On the whole, is your pace of work dependent, or not, on...? numerical production targets or performance targets","1 - Yes
2 - No

8 - DK (spontaneous)
9 - Refusal (spontaneous)",Q19.3,"On the whole, is your pace of work dependent, or not, on...? numerical production targets","1 - Yes
2 - No

3 - DK (spontaneous)",Q22.3,"On the whole, is your pace of work dependent, or not, on...? numerical production targets","1 - Yes
2 - No

3 - DK (spontaneous)",Q21.3,Q21.3,Q21.C,"On the whole, is your pace of work dependent, or not on? Production norms","1 - Yes
2 - No

3 - DK (spontaneous)",NA,NA,NA,NA,NA
Factors of pace (machine speed),Q50d,"On the whole, is your pace of work dependent on ... ?
D - automatic speed of a machine or movement of a product","1 - Yes
2 - No

8 - DK/no opinion (spontaneous)
9 - Refusal (spontaneous)",Trend 95,Q46.D,"On the whole, is your pace of work dependent, or not, on ... ? automatic speed of a machine or movement of a product","1 - Yes
2 - No

8 - DK/no opinion (spontaneous)
9 - Refusal (spontaneous)",Q21.D,"On the whole, is your pace of work dependent, or not, on...? automatic speed of a machine or movement of a product","1 - Yes
2 - No

8 - DK (spontaneous)
9 - Refusal (spontaneous)",Q19.4,"On the whole, is your pace of work dependent, or not, on...? automatic speed of a machine or movement of a product","1 - Yes
2 - No

3 - DK (spontaneous)",Q22.4,"On the whole, is your pace of work dependent, or not, on...? automatic speed of a machine or movement of a product","1 - Yes
2 - No

3 - DK (spontaneous)",Q21.4,Q21.4,Q21.D,"On the whole, is your pace of work dependent, or not on? Automatic speed of a machine or moving of a product","1 - Yes
2 - No

3 - DK (spontaneous)",NA,NA,NA,NA,NA
Factors of pace (boss),Q50e,"On the whole, is your pace of work dependent on ... ?
E -  the direct control of your boss","1 - Yes
2 - No

7 - Not applicable
8 - DK/no opinion (spontaneous)
9 - Refusal (spontaneous)",Trend 95,Q46.E,"On the whole, is your pace of work dependent, or not, on ... ? the direct control of your boss","1 - Yes
2 - No

7 - NA
8 - DK/no opinion (spontaneous)
9 - Refusal (spontaneous)",Q21.E,"On the whole, is your pace of work dependent, or not, on...? the direct control of your boss","1 - Yes
2 - No

8 - DK (spontaneous)
9 - Refusal (spontaneous)",Q19.5,"On the whole, is your pace of work dependent, or not, on...? the direct control of your boss","1 - Yes
2 - No

3 - DK (spontaneous)",Q22.5,"On the whole, is your pace of work dependent, or not, on...? the direct control of your boss","1 - Yes
2 - No

3 - DK (spontaneous)",Q21.5,Q21.5,Q21.E,"On the whole, is your pace of work dependent, or not on? The direct control of your boss","1 - Yes
2 - No

3 - DK (spontaneous)",NA,NA,NA,NA,NA
Interruptions (frequency),Q51,How often do you have to interrupt a task you are doing in order to take on an unforeseen task?,"1 - Very often
2 - Fairly often
3 - Occasionally
4 - Never

8 - DK/no opinion (spontaneous)
9 - Refusal (spontaneous)",Trend 2001,Q47,How often do you have to interrupt a task you are doing in order to take on an unforeseen task?,"1 - Very often
2 - Fairly often
3 - Occasionally
4 - Never

8 - DK/no opinion (spontaneous)
9 - Refusal (spontaneous)",Q22a,How often do you have to interrupt a task you are doing in order to take on an unforeseen task?,"1 - Very often
2 - Fairly often
3 - Occasionally
4 - Never

8 - DK/no opinion (spontaneous)
9 - Refusal (spontaneous)",Q20a,How often do you have to interrupt a task you are doing in order to take on a unforeseen task?,"1 - Very often (M) 
2 - Fairly often (M) 
3 - Occasionally (M) 
4 - Never 

5 - DK",Q23a,How often do you have to interrupt a task you are doing in order to take on a unforeseen task?,"1 - Several times a day 
2 - A few times a day  
3 - Several times a week 
4 - A few times a week 
5 - Never
 
6 - DK",NA,NA,NA,NA,NA,NA,NA,NA,NA,NA
Interruptions (consequences),Q52,"For your work, are these interruptions...","1 - Disruptive 
2 - Without consequences
3 - Positive

8 - DK/no opinion (spontaneous)
9 - Refusal (spontaneous)",Trend 2000,Q48,"For your work, are these interruptions...","1 - Disruptive 
2 - Without consequences
3 - Positive

8 - DK/no opinion (spontaneous)
9 - Refusal (spontaneous)",Q22b,"For your work, are these interruptions...","1 - Disruptive 
2 - Without consequences
3 - Positive

7 - Not relevant (spontaneous)
8 - DK/no opinion (spontaneous)
9 - Refusal (spontaneous)",Q20c,"For your work, are these interruptions...","1 - disruptive 
2 - without consequences 
3 - positive 

4 - Not relevant (SPONTANEOUS)  
5 - DK",Q23c,"For your work, are these interruptions...","1 - disruptive 
2 - without consequences 
3 - positive 

4 - Not relevant (SPONTANEOUS)  
5 - DK",NA,NA,NA,NA,NA,NA,NA,NA,NA,NA
Cognitive dimensions (quality standards),Q53a,"Generally, does your main paid job involve ... ? 
A - meeting precise quality standards","1 - Yes
2 - No

8 - DK/no opinion (spontaneous)
9 - Refusal (spontaneous)",Trend 95,Q49.A,"Generally, does your main paid job involve ... ? meeting precise quality standards","1 - Yes
2 - No

8 - DK/no opinion (spontaneous)
9 - Refusal (spontaneous)",Q23.A,"Generally, does your main paid job involve, or not ...? meeting precise quality standards","1 - Yes
2 - No

8 - DK (spontaneous)
9 - Refusal (spontaneous)",Q21.1,"Generally, does your main paid job involve, or not,...? meeting precise quality standards","1 - Yes
2 - No

3 - DK (spontaneous)",Q24.1,"Generally, does your main paid job involve, or not,...? meeting precise quality standards","1 - Yes
2 - No

3 - DK (spontaneous)",Q23.1,Q23.1,Q23.A,"Does your main paid job involve, or not Meeting precise quality standards","1 - Yes
2 - No

3 - DK (spontaneous)",NA,NA,NA,NA,NA
Cognitive dimensions (self assess quality),Q53b,"Generally, does your main paid job involve ... ? 
B - assessing yourself the quality of your own work","1 - Yes
2 - No

8 - DK/no opinion (spontaneous)
9 - Refusal (spontaneous)",Trend 95,Q49.B,"Generally, does your main paid job involve ... ? assessing yourself the quality of your own work","1 - Yes
2 - No

8 - DK/no opinion (spontaneous)
9 - Refusal (spontaneous)",Q23.B,"Generally, does your main paid job involve, or not ...? assessing yourself the quality of your own work","1 - Yes
2 - No

8 - DK (spontaneous)
9 - Refusal (spontaneous)",Q21.2,"Generally, does your main paid job involve, or not,...? assessing yourself the quality of your own work","1 - Yes
2 - No

3 - DK (spontaneous)",Q24.2,"Generally, does your main paid job involve, or not,...? assessing yourself the quality of your own work","1 - Yes
2 - No

3 - DK (spontaneous)",Q23.2,Q23.2,Q23.B,"Does your main paid job involve, or not Assessing the quality of your own work","1 - Yes
2 - No

3 - DK (spontaneous)",NA,NA,NA,NA,NA
Cognitive dimensions (problem solving),Q53c,"Generally, does your main paid job involve ... ? 
C - solving unforeseen problems on your own","1 - Yes
2 - No

8 - DK/no opinion (spontaneous)
9 - Refusal (spontaneous)",Trend 95,Q49.C,"Generally, does your main paid job involve ... ? solving unforeseen problems on your own","1 - Yes
2 - No

8 - DK/no opinion (spontaneous)
9 - Refusal (spontaneous)",Q23.C,"Generally, does your main paid job involve, or not ...? solving unforeseen problems on your own","1 - Yes
2 - No

8 - DK (spontaneous)
9 - Refusal (spontaneous)",Q21.3,"Generally, does your main paid job involve, or not,...? solving unforeseen problems on your own","1 - Yes
2 - No

3 - DK (spontaneous)",Q24.3,"Generally, does your main paid job involve, or not,...? solving unforeseen problems on your own","1 - Yes
2 - No

3 - DK (spontaneous)",Q23.3,Q23.3,Q23.C,"Does your main paid job involve, or not Solving unforeseen problems on your work","1 - Yes
2 - No

3 - DK (spontaneous)",NA,NA,NA,NA,NA
Cognitive dimensions (monotonous tasks),Q53d,"Generally, does your main paid job involve ... ? 
D - monotonous tasks","1 - Yes
2 - No

8 - DK/no opinion (spontaneous)
9 - Refusal (spontaneous)",Trend 95,Q49.D,"Generally, does your main paid job involve ... ? monotonous tasks","1 - Yes
2 - No

8 - DK/no opinion (spontaneous)
9 - Refusal (spontaneous)",Q23.D,"Generally, does your main paid job involve, or not ...? monotonous tasks","1 - Yes
2 - No

8 - DK (spontaneous)
9 - Refusal (spontaneous)",Q21.4,"Generally, does your main paid job involve, or not,...? Monotonous taks?","1 - Yes
2 - No

3 - DK (spontaneous)",Q24.4,"Generally, does your main paid job involve, or not,...? Monotonous taks?","1 - Yes
2 - No

3 - DK (spontaneous)",Q23.6,Q23.6,Q23.D,"Does your main paid job involve, or not Monotonous tasks","1 - Yes
2 - No

3 - DK (spontaneous)",NA,NA,NA,NA,NA
Cognitive dimensions (complex tasks),Q53e,"Generally, does your main paid job involve ... ? 
E - complex tasks","1 - Yes
2 - No

8 - DK/no opinion (spontaneous)
9 - Refusal (spontaneous)",Trend 95,Q49.E,"Generally, does your main paid job involve ... ? complex tasks","1 - Yes
2 - No

8 - DK/no opinion (spontaneous)
9 - Refusal (spontaneous)",Q23.E,"Generally, does your main paid job involve, or not ...? complex tasks","1 - Yes
2 - No

8 - DK (spontaneous)
9 - Refusal (spontaneous)",Q21.5,"Generally, does your main paid job involve, or not,...? complex tasks","1 - Yes
2 - No

3 - DK (spontaneous)",Q24.5,"Generally, does your main paid job involve, or not,...? complex tasks","1 - Yes
2 - No

3 - DK (spontaneous)",Q23.7,Q23.7,Q23.E,"Does your main paid job involve, or not Complex tasks","1 - Yes
2 - No

3 - DK (spontaneous)",NA,NA,NA,NA,NA
Cognitive dimensions (learning),Q53f,"Generally, does your main paid job involve ... ? 
F - learning new things","1 - Yes
2 - No

8 - DK/no opinion (spontaneous)
9 - Refusal (spontaneous)",Trend 95,Q49.F,"Generally, does your main paid job involve ... ? learning new things","1 - Yes
2 - No

8 - DK/no opinion (spontaneous)
9 - Refusal (spontaneous)",Q23.F,"Generally, does your main paid job involve, or not ...? learning new things","1 - Yes
2 - No

8 - DK (spontaneous)
9 - Refusal (spontaneous)",Q21.6,"Generally, does your main paid job involve, or not,...? learning new things","1 - Yes
2 - No

3 - DK (spontaneous)",Q24.6,"Generally, does your main paid job involve, or not,...? learning new things","1 - Yes
2 - No

3 - DK (spontaneous)",Q23.8,Q23.8,Q23.F,"Does your main paid job involve, or not Learning new things","1 - Yes
2 - No

3 - DK (spontaneous)",NA,NA,NA,NA,NA
Control (tasks),Q54a,"Are you able to choose or change ... ? 
A - your order of tasks","1 - Yes
2 - No

8 - DK/no opinion (spontaneous)
9 - Refusal (spontaneous)",Trend 95 - Modified 91,Q50.A,Are you able to choose or change ... ? your order of tasks,"1 - Yes
2 - No

8 - DK/no opinion (spontaneous)
9 - Refusal (spontaneous)",Q24.A,"Are you able, or not, to choose or change...? your order of tasks","1 - Yes
2 - No

8 - DK (spontaneous)
9 - Refusal (spontaneous)",Q22.1,"Are you able, or not, to choose or change...? your order of tasks","1 - Yes
2 - No

3 - DK (spontaneous)",Q25.1,"Are you able, or not, to choose or change...? your order of tasks","1 - Yes
2 - No

3 - DK (spontaneous)",Q22.1,Q22.1,Q24.A,"Are you able, or not, to choose or change? Your order of tasks","1 - Yes
2 - No

3 - DK (spontaneous)",A12_a,Q13_a,q24a,Do you have the possibility to choose or change: a) your order of tasks or your methods of work?,"1 - Yes
2 - No

3 - DK (spontaneous)"
Control (methods),Q54b,"Are you able to choose or change ... ? 
B - your methods of work","1 - Yes
2 - No

8 - DK/no opinion (spontaneous)
9 - Refusal (spontaneous)",Trend 95 - modified 91,Q50.B,Are you able to choose or change ... ? your methods of work,"1 - Yes
2 - No

8 - DK/no opinion (spontaneous)
9 - Refusal (spontaneous)",Q24.B,"Are you able, or not, to choose or change...? your methods of work","1 - Yes
2 - No

8 - DK (spontaneous)
9 - Refusal (spontaneous)",Q22.2,"Are you able, or not, to choose or change...? your methods of work","1 - Yes
2 - No

3 - DK (spontaneous)",Q25.2,"Are you able, or not, to choose or change...? your methods of work","1 - Yes
2 - No

3 - DK (spontaneous)",Q22.2,Q22.2,Q24.B,"Are you able, or not, to choose or change? Your methods of work","1 - Yes
2 - No

3 - DK (spontaneous)",A12_a,Q13_a,q24a,Do you have the possibility to choose or change: a) your order of tasks or your methods of work?,"1 - Yes
2 - No

3 - DK (spontaneous)"
Control (speed),Q54c,"Are you able to choose or change ... ? 
C - your speed or rate of work","1 - Yes
2 - No

8 - DK/no opinion (spontaneous)
9 - Refusal (spontaneous)",Trend 91,Q50.C,Are you able to choose or change ... ? your speed or rate of work,"1 - Yes
2 - No

8 - DK/no opinion (spontaneous)
9 - Refusal (spontaneous)",Q24.C,"Are you able, or not, to choose or change...? your speed or rate of work","1 - Yes
2 - No

8 - DK (spontaneous)
9 - Refusal (spontaneous)",Q22.3,"Are you able, or not, to choose or change...? your speed or rate of work","1 - Yes
2 - No

3 - DK (spontaneous)",Q25.3,"Are you able, or not, to choose or change...? your speed or rate of work","1 - Yes
2 - No

3 - DK (spontaneous)",Q22.3,Q22.3,Q24.C,"Are you able, or not, to choose or change? Your speed or rate of work","1 - Yes
2 - No

3 - DK (spontaneous)",A12_b,Q13_b,q24c,Do you have the possibility to choose or change: b) your speed or rate of work?,"1 - Yes
2 - No

3 - DK (spontaneous)"
Task rotation,Q55,Does your job involve rotating tasks between yourself and colleagues?,"1 - Yes
2 - No

8 - DK/no opinion (spontaneous)
9 - Refusal (spontaneous)",Trend 2005 / MT 1995,Q53,Does your job involve rotating tasks between yourself and colleagues?,"1 - Yes
2 - No

8 - DK/no opinion (spontaneous)
9 - Refusal (spontaneous)",Q26a,Does your job involve rotating tasks between yourself and colleagues?,"1 - Yes
2 - No

8 - DK/no opinion (spontaneous)
9 - Refusal (spontaneous)",Q24B.1,"Does your job involve, or not...? rotating tasks between yourself and colleagues","1 - Yes
2 - No

3 - DK (spontaneous)",Q27B.1,"Does your job involve, or not...? rotating tasks between yourself and colleagues","1 - Yes
2 - No

3 - DK (spontaneous)",Q23.5,Q23.5,q23e_n,"Does your main paid job involve, or not Rotating tasks between yourself and colleagues","1 - Yes
2 - No

3 - DK (spontaneous)",NA,NA,NA,NA,NA
Task rotation (skills),Q56,Do those tasks require different skills?,"1 - Yes
2 - No

8 - DK/no opinion (spontaneous)
9 - Refusal (spontaneous)",Trend 2005,Q54,Do the tasks require different skills?,"1 - Yes
2 - No

8 - DK/no opinion (spontaneous)
9 - Refusal (spontaneous)",Q26a1,Do the tasks require different skills?,"1 - Yes
2 - No

8 - DK/no opinion (spontaneous)
9 - Refusal (spontaneous)",NA,NA,NA,NA,NA,NA,NA,NA,NA,NA,NA,NA,NA,NA,NA,NA
Task rotation (decision),Q57a,"Who decides the division of those tasks? 
A - Your boss / manager","1 - Yes
2 - No

8 - DK/no opinion (spontaneous)
9 - Refusal (spontaneous)","Trend 2005,",Q55a,Who decides the division of the tasks? A - Your boss / manager,"1 - Yes
2 - No

8 - DK/no opinion (spontaneous)
9 - Refusal (spontaneous)",Q26a2_a,Who decides the division of the tasks? Your boss / manager,"1 - Yes
2 - No

8 - DK (spontaneous)
9 - Refusal (spontaneous)",NA,NA,NA,NA,NA,NA,Q23.4,Q23.4,q23d_n,"Does your main paid job involve, or not Deciding, possibly with colleagues, on departmental issues such as the division of tasks, staff replacement, production objectives, timetables, etc.","1 - Yes
2 - No

3 - DK (spontaneous)",NA,NA,NA,NA,NA
Task rotation (decision),Q57b,"Who decides the division of those tasks? 
B - They are decided by people who are rotating tasks","1 - Yes
2 - No

8 - DK/no opinion (spontaneous)
9 - Refusal (spontaneous)","Trend 2010, Modified Trend 2005",Q55b,Who decides the division of the tasks? B - They are decided by people who are rotating tasks,"1 - Yes
2 - No

8 - DK/no opinion (spontaneous)
9 - Refusal (spontaneous)",Q26a2_b,Who decides the division of the tasks? The people who are rotating tasks decide the division of the tasks?,"1 - Yes
2 - No

8 - DK (spontaneous)
9 - Refusal (spontaneous)",NA,NA,NA,NA,NA,NA,Q23.4,Q23.4,q23d_n,"Does your main paid job involve, or not Deciding, possibly with colleagues, on departmental issues such as the division of tasks, staff replacement, production objectives, timetables, etc.","1 - Yes
2 - No

3 - DK (spontaneous)",NA,NA,NA,NA,NA
Teamwork,Q58,Do you work in a group or team that has common tasks and can plan its work?,"1 - Yes
2 - No

8 - DK/no opinion (spontaneous)
9 - Refusal (spontaneous)","Trend 2010,",Q56,Do you work in a group or team that has common tasks and can plan its work?,"1 - Yes, always in the same one
2 - Yes, in several
3 - I do not work in such a team or group

8 - DK/no opinion (spontaneous)
9 - Refusal (spontaneous)",Q26b,Does your job involve doing all or part of your work in a team?,"1 - Yes
2 - No

8 - DK/no opinion (spontaneous)
9 - Refusal (spontaneous)",Q24B.2,"Does your job involve, or not...? doing all or part of your work in a team","1 - Yes
2 - No

3 - DK (spontaneous)",Q27B.2,"Does your job involve, or not...? doing all or part of your work in a team","1 - Yes
2 - No

3 - DK (spontaneous)",NA,NA,NA,NA,NA,NA,NA,NA,NA,NA
Teamwork (multiple teams),Q59,"Is that always in the same team or group, or in several teams or groups?","1 - Always in the same team or group 
2 - In several teams or groups

8 - DK/no opinion (spontaneous)
9 - Refusal (spontaneous)
",New,NA,NA,NA,NA,NA,NA,NA,NA,NA,NA,NA,NA,NA,NA,NA,NA,NA,NA,NA,NA,NA,NA
Team autonomy (task division),Q60a,"For the team in which you work mostly, do the members decide by themselves…?
A - … on the division of tasks","1 - Yes
2 - No

8 - DK/no opinion (spontaneous)
9 - Refusal (spontaneous)",Trend 2005,Q57.A,"For the team in which you work mostly, do the members decide by themselves…? on the division of tasks","1 - Yes
2 - No

8 - DK/no opinion (spontaneous)
9 - Refusal (spontaneous)",Q26b.1.A,Do the members of the team decide by themselves…? on the division of tasks,"1 - Yes
2 - No

8 - DK (spontaneous)
9 - Refusal (spontaneous)",NA,NA,NA,NA,NA,NA,NA,NA,NA,NA,NA,NA,NA,NA,NA,NA
Team autonomy (head),Q60b,"For the team in which you work mostly, do the members decide by themselves…?
B - … who will be head of the team","1 - Yes
2 - No

8 - DK/no opinion (spontaneous)
9 - Refusal (spontaneous)",Trend 2005,Q57.B,"For the team in which you work mostly, do the members decide by themselves…? who will be head of the team","1 - Yes
2 - No

8 - DK/no opinion (spontaneous)
9 - Refusal (spontaneous)",Q26b.1.B,Do the members of the team decide by themselves…? who will be head of the team,"1 - Yes
2 - No

8 - DK (spontaneous)
9 - Refusal (spontaneous)",NA,NA,NA,NA,NA,NA,NA,NA,NA,NA,NA,NA,NA,NA,NA,NA
Team autonomy (timetable),Q60c,"For the team in which you work mostly, do the members decide by themselves…?
C - … the timetable of the work","1 - Yes
2 - No

8 - DK/no opinion (spontaneous)
9 - Refusal (spontaneous)",Trend 2010,Q57.C,"For the team in which you work mostly, do the members decide by themselves…? the timetable of the work","1 - Yes
2 - No

8 - DK/no opinion (spontaneous)
9 - Refusal (spontaneous)",NA,NA,NA,NA,NA,NA,NA,NA,NA,NA,NA,NA,NA,NA,NA,NA,NA,NA,NA
Support (colleagues),Q61a,"For each of the following statements, please select the response which best describes your work situation.
A -Your colleagues help and support you","1 - Always 
2 - Most of the time 
3 - Sometimes 
4 - Rarely 
5 - Never 

7 - Not Applicable
8 - DK 
9 - Refusal",Modified Trend 2005,Q51.a,"For each of the following statements, please select the response which best describes your work situation. Your colleagues help and support you","1 - Always 
2 - Most of the time 
3 - Sometimes 
4 - Rarely 
5 - Never 

7 - Not Applicable
8 - DK 
9 - Refusal",Q25.a,"For each of the following statements, please select the response which best describes your work situation. You can get assistance from colleagues if you ask for it","1 - Almost always 
2 - Often 
3 - Sometimes 
4 - Rarely 
5 - Almost never 

8 - DK 
9 - Refusal",Q23.1,"For each of the following statements, please answer yes or no. You can get assistance from colleagues if you ask for it","1 - Yes
2 - No

3 - DK (spontaneous)",Q26.1,"For each of the following statements, please answer yes or no. You can get assistance from colleagues if you ask for it","1 - Yes
2 - No

3 - DK (spontaneous)",Q20.1,Q20.1,q20a,For each of the following statements please answer Yes or No You can get assistance from colleagues if required,"1 - Yes
2 - No

3 - DK (spontaneous)",A13_e,Q14_e,q13_5,In order to carry out your work do you have: sufficient support from superiors or colleagues?,"1 - Yes
2 - No

3 - DK (spontaneous)"
Support (manager),Q61b,"For each of the following statements, please select the response which best describes your work situation.
B -  Your manager helps and supports you","1 - Always 
2 - Most of the time 
3 - Sometimes 
4 - Rarely 
5 - Never 

7 - Not Applicable
8 - DK 
9 - Refusal",Modified Trend 2005,Q51.b,"For each of the following statements, please select the response which best describes your work situation. Your manager helps and supports you","1 - Always 
2 - Most of the time 
3 - Sometimes 
4 - Rarely 
5 - Never 

7 - Not Applicable
8 - DK 
9 - Refusal",Q25.b,"For each of the following statements, please select the response which best describes your work situation. You can get assistance from your superiors / boss if you ask for it","1 - Almost always 
2 - Often 
3 - Sometimes 
4 - Rarely 
5 - Almost never 

8 - DK 
9 - Refusal",NA,NA,NA,NA,NA,NA,NA,NA,NA,NA,NA,A13_e,Q14_e,q13_5,In order to carry out your work do you have: sufficient support from superiors or colleagues?,"1 - Yes
2 - No

3 - DK (spontaneous)"
Decision latitude (setting targets),Q61c,"For each of the following statements, please select the response which best describes your work situation.
C - You are consulted before objectives are set for your work","1 - Always 
2 - Most of the time 
3 - Sometimes 
4 - Rarely 
5 - Never 

7 - Not Applicable
8 - DK 
9 - Refusal",Modified Trend 2010,Q51.c,"For each of the following statements, please select the response which best describes your work situation. You are consulted before targets for your work are set","1 - Always 
2 - Most of the time 
3 - Sometimes 
4 - Rarely 
5 - Never 

7 - Not Applicable
8 - DK 
9 - Refusal",NA,NA,NA,NA,NA,NA,NA,NA,NA,NA,NA,NA,NA,NA,NA,NA,NA,NA,NA
Decision latitude (improving processes),Q61d,"For each of the following statements, please select the response which best describes your work situation.
D - You are involved in improving the work organisation or work processes of your department or organisation","1 - Always 
2 - Most of the time 
3 - Sometimes 
4 - Rarely 
5 - Never 

7 - Not Applicable
8 - DK 
9 - Refusal",Trend 2010,Q51.d,"For each of the following statements, please select the response which best describes your work situation. You are involved in improving the work organisation or work processes of your department or organisation","1 - Always 
2 - Most of the time 
3 - Sometimes 
4 - Rarely 
5 - Never 

7 - Not Applicable
8 - DK 
9 - Refusal",NA,NA,NA,NA,NA,NA,NA,NA,NA,NA,NA,NA,NA,NA,NA,NA,NA,NA,NA
Decision latitude (working partners),Q61e,"For each of the following statements, please select the response which best describes your work situation.
E - You have a say in the choice of your work colleagues","1 - Always 
2 - Most of the time 
3 - Sometimes 
4 - Rarely 
5 - Never 

7 - Not Applicable
8 - DK 
9 - Refusal",Trend 2005 ?,Q51.e,"For each of the following statements, please select the response which best describes your work situation. You have a say in the choice of your working partners","1 - Always 
2 - Most of the time 
3 - Sometimes 
4 - Rarely 
5 - Never 

7 - Not Applicable
8 - DK 
9 - Refusal",Q25.d,"For each of the following statements, please select the response which best describes your work situation. You have influence over the choice of your working partners","1 - Almost always 
2 - Often 
3 - Sometimes 
4 - Rarely 
5 - Almost never 

8 - DK 
9 - Refusal",NA,NA,NA,NA,NA,NA,NA,NA,NA,NA,NA,NA,NA,NA,NA,NA
Decision latitude (breaks),Q61f,"For each of the following statements, please select the response which best describes your work situation.
F - You can take a break when you wish","1 - Always 
2 - Most of the time 
3 - Sometimes 
4 - Rarely 
5 - Never 

8 - DK 
9 - Refusal",Trend 95,Q51.f,"For each of the following statements, please select the response which best describes your work situation. You can take a break when you wish","1 - Always 
2 - Most of the time 
3 - Sometimes 
4 - Rarely 
5 - Never 

8 - DK 
9 - Refusal",Q25.e,"For each of the following statements, please select the response which best describes your work situation. You can take your break when you wish","1 - Almost always 
2 - Often 
3 - Sometimes 
4 - Rarely 
5 - Almost never 

8 - DK 
9 - Refusal",Q23.2,"For each of the following statements, please answer yes or no. You can take your break when you wish","1 - Yes
2 - No

3 - DK (spontaneous)",Q26.2,"For each of the following statements, please answer yes or no. You can take your break when you wish","1 - Yes
2 - No

3 - DK (spontaneous)",Q20.2,Q20.2,q20b,For each of the following statements please answer Yes or No You can take your break when you wish,"1 - Yes
2 - No

3 - DK (spontaneous)",NA,NA,NA,NA,NA
Work pressure (enough time)+A44,Q61g,"For each of the following statements, please select the response which best describes your work situation.
G - You have enough time to get the job done","1 - Always 
2 - Most of the time 
3 - Sometimes 
4 - Rarely 
5 - Never 

8 - DK 
9 - Refusal",Trend 95,Q51.g,"For each of the following statements, please select the response which best describes your work situation. You have enough time to get the job done","1 - Always 
2 - Most of the time 
3 - Sometimes 
4 - Rarely 
5 - Never 

8 - DK 
9 - Refusal",Q25.f,"For each of the following statements, please select the response which best describes your work situation. You have enough time to get the job done","1 - Almost always 
2 - Often 
3 - Sometimes 
4 - Rarely 
5 - Almost never 

8 - DK 
9 - Refusal",Q23.5,"For each of the following statements, please answer yes or no. You have enough time to get the job done","1 - Yes
2 - No

3 - DK (spontaneous)",Q26.5,"For each of the following statements, please answer yes or no. You have enough time to get the job done","1 - Yes
2 - No

3 - DK (spontaneous)",Q20.5,Q20.5,q20e,For each of the following statements please answer Yes or No You have enough time to get the job done,"1 - Yes
2 - No

3 - DK (spontaneous)",NA,NA,NA,NA,NA
Emotional aspects (job well done),Q61h,"For each of the following statements, please select the response which best describes your work situation.
H - Your job gives you the feeling of work well done","1 - Always 
2 - Most of the time 
3 - Sometimes 
4 - Rarely 
5 - Never 

8 - DK 
9 - Refusal",Trend 2005,Q51.h,"For each of the following statements, please select the response which best describes your work situation. Your job gives you the feeling of work well done","1 - Always 
2 - Most of the time 
3 - Sometimes 
4 - Rarely 
5 - Never 

8 - DK 
9 - Refusal",Q25.i,"For each of the following statements, please select the response which best describes your work situation. Your job gives you the feeling of work well done","1 - Almost always 
2 - Often 
3 - Sometimes 
4 - Rarely 
5 - Almost never 

8 - DK 
9 - Refusal",NA,NA,NA,NA,NA,NA,NA,NA,NA,NA,NA,NA,NA,NA,NA,NA
Autonomy (apply own ideas),Q61i,"For each of the following statements, please select the response which best describes your work situation.
I - You are able to apply your own ideas in your work","1 - Always 
2 - Most of the time 
3 - Sometimes 
4 - Rarely 
5 - Never 

8 - DK 
9 - Refusal",Trend 2005,Q51.i,"For each of the following statements, please select the response which best describes your work situation. You are able to apply your own ideas in your work","1 - Always 
2 - Most of the time 
3 - Sometimes 
4 - Rarely 
5 - Never 

8 - DK 
9 - Refusal",Q25.j,"For each of the following statements, please select the response which best describes your work situation. You are able to apply your own ideas in your work","1 - Almost always 
2 - Often 
3 - Sometimes 
4 - Rarely 
5 - Almost never 

8 - DK 
9 - Refusal",NA,NA,NA,NA,NA,NA,NA,NA,NA,NA,NA,NA,NA,NA,NA,NA
Emotional aspects (useful work),Q61j,"For each of the following statements, please select the response which best describes your work situation.
J - You have the feeling of doing useful work","1 - Always 
2 - Most of the time 
3 - Sometimes 
4 - Rarely 
5 - Never 

8 - DK 
9 - Refusal",Trend 2005,Q51.j,"For each of the following statements, please select the response which best describes your work situation. You have the feeling of doing useful work","1 - Always 
2 - Most of the time 
3 - Sometimes 
4 - Rarely 
5 - Never 

8 - DK 
9 - Refusal",Q25.k,"For each of the following statements, please select the response which best describes your work situation. You have the feeling of doing useful work","1 - Almost always 
2 - Often 
3 - Sometimes 
4 - Rarely 
5 - Almost never 

8 - DK 
9 - Refusal",NA,NA,NA,NA,NA,NA,NA,NA,NA,NA,NA,NA,NA,NA,NA,NA
role clarity (know what is expected),Q61k,"For each of the following statements, please select the response which best describes your work situation.
K - You know what is expected of you at work","1 - Always 
2 - Most of the time 
3 - Sometimes 
4 - Rarely 
5 - Never 

8 - DK 
9 - Refusal",Trend 2010,Q51.k,"For each of the following statements, please select the response which best describes your work situation. You know what is expected of you at work","1 - Always 
2 - Most of the time 
3 - Sometimes 
4 - Rarely 
5 - Never 

8 - DK 
9 - Refusal",NA,NA,NA,NA,NA,NA,NA,NA,NA,NA,NA,NA,NA,NA,NA,NA,NA,NA,NA
Organizational justice ( procedural),Q61l,"For each of the following statements, please select the response which best describes your work situation.
L -  You are treated fairly at your  workplace","1 - Always 
2 - Most of the time 
3 - Sometimes 
4 - Rarely 
5 - Never 

8 - DK 
9 - Refusal",New,Q51.l,"For each of the following statements, please select the response which best describes your work situation. Your job involves tasks that are in conflict with your personal values","1 - Always 
2 - Most of the time 
3 - Sometimes 
4 - Rarely 
5 - Never 

8 - DK 
9 - Refusal",NA,NA,NA,NA,NA,NA,NA,NA,NA,NA,NA,NA,NA,NA,NA,NA,NA,NA,NA
Work pressure (stress),Q61m,"For each of the following statements, please select the response which best describes your work situation.
M - You experience stress in your work","1 - Always 
2 - Most of the time 
3 - Sometimes 
4 - Rarely 
5 - Never 

8 - DK 
9 - Refusal",Trend 2010,Q51.n,"For each of the following statements, please select the response which best describes your work situation. You experience stress in your work","1 - Always 
2 - Most of the time 
3 - Sometimes 
4 - Rarely 
5 - Never 

8 - DK 
9 - Refusal",NA,NA,NA,NA,NA,NA,NA,NA,NA,NA,NA,NA,NA,NA,NA,NA,NA,NA,NA
Decision latitude (influence decisions),Q61n,"For each of the following statements, please select the response which best describes your work situation.
N - You can influence decisions that are important for your work","1 - Always 
2 - Most of the time 
3 - Sometimes 
4 - Rarely 
5 - Never 

8 - DK 
9 - Refusal",Trend 2010,Q51.o,"For each of the following statements, please select the response which best describes your work situation. You can influence decisions that are important for your work","1 - Always 
2 - Most of the time 
3 - Sometimes 
4 - Rarely 
5 - Never 

8 - DK 
9 - Refusal",NA,NA,NA,NA,NA,NA,NA,NA,NA,NA,NA,NA,NA,NA,NA,NA,NA,NA,NA
Emotional aspects (hide feelings),Q61o,"For each of the following statements, please select the response which best describes your work situation.
O - Your job requires that you hide your feelings","1 - Always 
2 - Most of the time 
3 - Sometimes 
4 - Rarely 
5 - Never 

8 - DK 
9 - Refusal",Trend 2010,Q51.p,"For each of the following statements, please select the response which best describes your work situation. Your job requires that you hide your feelings","1 - Always 
2 - Most of the time 
3 - Sometimes 
4 - Rarely 
5 - Never 

8 - DK 
9 - Refusal",NA,NA,NA,NA,NA,NA,NA,NA,NA,NA,NA,NA,NA,NA,NA,NA,NA,NA,NA
Supervisor (gender),Q62,Is your immediate boss a man or a woman?,"1 - A man
2 - A woman 

7 - Not applicable (spontaneous)
8 - DK/no opinion (spontaneous)
9 - Refusal (spontaneous)",Trend 95,Q59,Is your immediate boss a man or a woman?,"1 - A man
2 - A woman 

7 - Not applicable (spontaneous)
8 - DK/no opinion (spontaneous)
9 - Refusal (spontaneous)",Q31,Is your immediate boss a man or a woman?,"1 - A man
2 - A woman
 
7 - Not applicable (spontaneous)
8 - DK/no opinion (spontaneous)
9 - Refusal (spontaneous)",Q29,Is your immediate boss a man or a woman?,"1 - A man  
2 - A woman  

3 - Not applicable (SPONTANEOUS)",Q33,Is your immediate boss a man or a woman?,"1 - A man  
2 - A woman  

3 - Not applicable (SPONTANEOUS)",Q29,Q29,Q31,Is your immediate boss a roan or a woman?,"1 - A man  
2 - A woman  

3 - Not applicable (SPONTANEOUS)",NA,NA,NA,NA,NA
Supervisor (respect),Q63a,To what extent do you agree or disagree with the following statements? Your immediate boss… A - respects you as a person,"1 - Strongly agree
2 - Tend to agree
3 - Neither agree nor disagree
4 - Tend to disagree
5 - Strongly disagree

7 - Not applicable (spontaneous)
8 - Don't know
9 - Refusal",Modified Trend - questionable possibly not,Q58.B,"In general, your immediate manager / supervisor …. Respects you as a person","1 - Yes
2 - No

8 - DK/no opinion (spontaneous)
9 - Refusal (spontaneous)",NA,NA,NA,NA,NA,NA,NA,NA,NA,NA,NA,NA,NA,NA,NA,NA,NA,NA,NA
Supervisor (reward),Q63b,Your immediate boss… B - gives you praise and recognition when you do a good job,"1 - Strongly agree
2 - Tend to agree
3 - Neither agree nor disagree
4 - Tend to disagree
5 - Strongly disagree

7 - Not applicable (spontaneous)
8 - Don't know
9 - Refusal",new,NA,NA,NA,NA,NA,NA,NA,NA,NA,NA,NA,NA,NA,NA,NA,NA,NA,NA,NA,NA,NA,NA
Supervisor (conflict resolution),Q63c,Your immediate boss… C - is successful in getting people to work together,"1 - Strongly agree
2 - Tend to agree
3 - Neither agree nor disagree
4 - Tend to disagree
5 - Strongly disagree

7 - Not applicable (spontaneous)
8 - Don't know
9 - Refusal",new,NA,NA,NA,NA,NA,NA,NA,NA,NA,NA,NA,NA,NA,NA,NA,NA,NA,NA,NA,NA,NA,NA
Supervisor (planning),Q63d,Your immediate boss… D - Is helpful in getting the job done,"1 - Strongly agree
2 - Tend to agree
3 - Neither agree nor disagree
4 - Tend to disagree
5 - Strongly disagree

7 - Not applicable (spontaneous)
8 - Don't know
9 - Refusal","Modified Trend, scale",NA,NA,NA,NA,NA,NA,NA,NA,NA,NA,NA,NA,NA,NA,NA,NA,NA,NA,NA,NA,NA,NA
Supervisor (useful feedback),Q63e,Your immediate boss… E - provides useful feedback on your work,"1 - Strongly agree
2 - Tend to agree
3 - Neither agree nor disagree
4 - Tend to disagree
5 - Strongly disagree

7 - Not applicable (spontaneous)
8 - Don't know
9 - Refusal",NEW,Q58.A,"In general, your immediate manager / supervisor …. Provides you with  feedback on your work","1 - Yes
2 - No

8 - DK/no opinion (spontaneous)
9 - Refusal (spontaneous)",NA,NA,NA,NA,NA,NA,NA,NA,NA,NA,NA,NA,NA,NA,NA,NA,NA,NA,NA
Supervisor (development),Q63f,Your immediate boss… F - encourages and supports your development,"1 - Strongly agree
2 - Tend to agree
3 - Neither agree nor disagree
4 - Tend to disagree
5 - Strongly disagree

7 - Not applicable (spontaneous)
8 - Don't know
9 - Refusal","Modified Trend, New",NA,NA,NA,NA,NA,NA,NA,NA,NA,NA,NA,NA,NA,NA,NA,NA,NA,NA,NA,NA,NA,NA
Skills match,Q64,"I am now going to ask you some questions about the skills in your job and any training you have undertaken. 
Which of the following statements would best describe your skills in your own work?","1 - I need further training to cope well with my duties 
2 - My present skills correspond well with my duties 
3 - I have the skills to cope with more demanding duties

8 - DK/no opinion (spontaneous)
9 - Refusal (spontaneous)","Trend 2005,",Q60,Which of the following alternatives would best describe your skills in your own work?,"1 - I need further training to cope well with my duties 
2 - My present skills correspond well with my duties 
3 - I have the skills to cope with more demanding duties

8 - DK/no opinion (spontaneous)
9 - Refusal (spontaneous)",Q27,Which of the following alternatives would best describe your skills in your own work?,"1 - I need further training to cope well with my duties 
2 - My duties correspond well with my present skills 
3 - I have the skills to cope with more demanding duties

8 - DK/no opinion (spontaneous)
9 - Refusal (spontaneous)",Q25,How well do you think your skills match the demands imposed on you by your job?,"1 - The demands are too high  
2 - They match  
3 - The demands are too low  

4 - DK",Q28,How well do you think your skills match the demands imposed on you by your job?,"1 - The demands are too high  
2 - They match  
3 - The demands are too low  

4 - DK",Q24,Q24,q24,How well do you thinly your skills match the demands imposed on you by your job?,"1 - The demands are too high  
2 - They match  
3 - The demands are too low  

4 - DK",A13_b,Q14_b,q13_2,In order to carry out your work do you have: b) sufficient training and experience?,"1 - Yes
2 - No

3 - DK (spontaneous)"
Training (paid employer),Q65a,"Over the past 12 months, have you undergone any of the following types of training to improve your skills? [IF Q17=00: Since you started your main paid job, have you undergone any of the following types of training to improve your skills?]
A - Training paid for or provided by your employer","1 - Yes
2 - No

8 - DK/no opinion (spontaneous)
9 - Refusal (spontaneous)",Trend 95,Q61.A,"Over the past 12 months, have you undergone any of the following types of training to improve your skills or not? Training paid for or provided by your employer or by yourself if self-employed","1 - Yes
2 - No

8 - DK/no opinion (spontaneous)
9 - Refusal (spontaneous)",Q28.a,"Over the past 12 months, have you undergone any of the following types of training to improve your skills or not? Training paid for or provided by your employer, or by yourself if you are self-employed","1 - Yes
2 - No

8 - DK (spontaneous)
9 - Refusal (spontaneous)


IF YES: # total number of days

888 - DK
999 - Refusal",Q26,NA,NA,Q29,NA,NA,Q25,NA,NA,NA,NA,NA,NA,NA,NA,NA
Training (paid self),Q65b,"Over the past 12 months, have you undergone any of the following types of training to improve your skills? [IF Q17=00: Since you started your main paid job, have you undergone any of the following types of training to improve your skills?]
B - Training paid by yourself","1 - Yes
2 - No

8 - DK/no opinion (spontaneous)
9 - Refusal (spontaneous)",Trend 2005,Q61.B,"Over the past 12 months, have you undergone any of the following types of training to improve your skills or not? Training paid for by yourself","1 - Yes
2 - No

8 - DK/no opinion (spontaneous)
9 - Refusal (spontaneous)",Q28.b,"Over the past 12 months, have you undergone any of the following types of training to improve your skills or not? Training paid for by yourself","1 - Yes
2 - No

8 - DK (spontaneous)
9 - Refusal (spontaneous)


IF YES: # total number of days

888 - DK
999 - Refusal",NA,NA,NA,NA,NA,NA,NA,NA,NA,NA,NA,NA,NA,NA,NA,NA
Training (on-the-job),Q65c,"Over the past 12 months, have you undergone any of the following types of training to improve your skills? [IF Q17=00: Since you started your main paid job, have you undergone any of the following types of training to improve your skills?]
C - On-the-job training (co-workers, supervisors)","1 - Yes
2 - No

8 - DK/no opinion (spontaneous)
9 - Refusal (spontaneous)",Trend 2005,Q61.C,"Over the past 12 months, have you undergone any of the following types of training to improve your skills or not? On-the-job training (co-workers, supervisors)","1 - Yes
2 - No

8 - DK/no opinion (spontaneous)
9 - Refusal (spontaneous)",Q28.c,"Over the past 12 months, have you undergone any of the following types of training to improve your skills or not? On-the-job training (co-workers, supervisors)","1 - Yes
2 - No

8 - DK (spontaneous)
9 - Refusal (spontaneous)",NA,NA,NA,NA,NA,NA,NA,NA,NA,NA,NA,NA,NA,NA,NA,NA
Training (other training),Q65d,"Over the past 12 months, have you undergone any of the following types of training to improve your skills? [IF Q17=00: Since you started your main paid job, have you undergone any of the following types of training to improve your skills?]
D - Other training","1 - Yes
2 - No

8 - DK/no opinion (spontaneous)
9 - Refusal (spontaneous)",New,NA,NA,NA,NA,NA,NA,NA,NA,NA,NA,NA,NA,NA,NA,NA,NA,NA,NA,NA,NA,NA,NA
Training (amount of time),Q66,"Over the past 12 months, how many days in total did you spend in training paid for or provided by your employer? 
[IF Q17=00: Since you started your main paid job, how many days in total have you spent in training paid for or provided by your employer?
","1 - 1 day or less
2 - 2-3 days
3 - 4-5 days
4 - 6-9 days
5 - 10-19 days
6 - 20 days or more",NEW  (OLD Q 2001 - reintroduced Q26),NA,NA,NA,NA,NA,NA,Q26,"Over the past 12 months, have you undergone training paid for or provided by your employer, or by yourself if you are self-employed, to improve your skills or not? (IF YES) For how many days?","# Number of days over the past 12 months

0000 - No
9999 - Don't know",Q29,"Over the past 12 months, have you undergone training paid for or provided by your employer, or by yourself if you are self-employed, to improve your skills or not?","# Number of days over the past 12 months

0000 - No
9999 - Don't know",Q25,Q25,q28a_1,"Over the last 12 months, have you undergone training paid for or provided by your employer to improve your skills or not?","# Number of days over the past 12 months

0000 - No",NA,NA,NA,NA,NA
Training (improve work),Q67a,"Do you agree or disagree with the following statements on the training received over the last 12 months [IF Q57A=1 AND Q57B≠1: paid for and provided by your employer] [IF Q57B=1 AND Q57A NOT ASKED OR ≠1: paid by yourself] [IF Q57A=1 AND Q57B=1: ,either provided by your employer or paid for by yourself]?
A - The training has helped me improve the way I work","1 - Strongly agree
2 - Tend to agree
3 - Neither agree nor disagree
4 - Tend to disagree
5 - Strongly disagree

8 - Don't know
9 - Refusal","Trend 2010, codes changed",Q61_1.A,Do you agree or disagree with the following statements describing some aspects of the training? The training has helped me improve the way I work,"1 - Agree 
2 - Disagree 

8 - DK 
9 - Refusal",NA,NA,NA,NA,NA,NA,NA,NA,NA,NA,NA,NA,NA,NA,NA,NA,NA,NA,NA
Training (job security),Q67b,"Do you agree or disagree with the following statements on the training received over the last 12 months [IF Q57A=1 AND Q57B≠1: paid for and provided by your employer] [IF Q57B=1 AND Q57A NOT ASKED OR ≠1: paid by yourself] [IF Q57A=1 AND Q57B=1: ,either provided by your employer or paid for by yourself]?
B - I feel that my job is more secure because of my training","1 - Strongly agree
2 - Tend to agree
3 - Neither agree nor disagree
4 - Tend to disagree
5 - Strongly disagree

8 - Don't know
9 - Refusal","Trend 2010, codes changed",Q61_1.B,Do you agree or disagree with the following statements describing some aspects of the training? I feel that my job is more secure because of my training,"1 - Agree 
2 - Disagree 

8 - DK 
9 - Refusal",NA,NA,NA,NA,NA,NA,NA,NA,NA,NA,NA,NA,NA,NA,NA,NA,NA,NA,NA
Training (employment prospects),Q67c,"Do you agree or disagree with the following statements on the training received over the last 12 months [IF Q57A=1 AND Q57B≠1: paid for and provided by your employer] [IF Q57B=1 AND Q57A NOT ASKED OR ≠1: paid by yourself] [IF Q57A=1 AND Q57B=1: ,either provided by your employer or paid for by yourself]?
C - I feel my prospects for future employment are better","1 - Strongly agree
2 - Tend to agree
3 - Neither agree nor disagree
4 - Tend to disagree
5 - Strongly disagree

8 - Don't know
9 - Refusal","Trend 2010, codes changed",Q61_1.C,Do you agree or disagree with the following statements describing some aspects of the training? I feel my prospects for future employment are better,"1 - Agree 
2 - Disagree 

8 - DK 
9 - Refusal",NA,NA,NA,NA,NA,NA,NA,NA,NA,NA,NA,NA,NA,NA,NA,NA,NA,NA,NA
"Training (amount of time, paid self)",Q68,"Over the past 12 months, how many days in total did you spend in training paid by yourself? [IF Q17=00: Since you started your main paid job, how many days in total have you spent in training paid by yourself?]","1 - 1 day or less
2 - 2-3 days
3 - 4-5 days
4 - 6-9 days
5 - 10-19 days
6 - 20 days or more",New,NA,NA,NA,NA,NA,NA,NA,NA,NA,NA,NA,NA,NA,NA,NA,NA,NA,NA,NA,NA,NA,NA
Training (asked for),Q69,Did you ask for training to be provided for you by your employer?,"1 - Yes
2 - No

8 - DK/no opinion (spontaneous)
9 - Refusal (spontaneous)",Trend 2010,Q61_2,Did you ask for training to be provided for you?,"1 - Yes
2 - No

8 - DK/no opinion (spontaneous)
9 - Refusal (spontaneous)",NA,NA,NA,NA,NA,NA,NA,NA,NA,NA,NA,NA,NA,NA,NA,NA,NA,NA,NA
Organisational trust (management),Q70a,"The next questions are about your workplace. To what extent do you agree or disagree with the following statements?
A - Employees are appreciated when they have done a good job.","1 - Strongly agree
2 - Tend to agree
3 - Neither agree nor disagree
4 - Tend to disagree
5 - Strongly disagree

7 - Not applicable
8 - Don't know
9 - Refusal",New,NA,NA,NA,NA,NA,NA,NA,NA,NA,NA,NA,NA,NA,NA,NA,NA,NA,NA,NA,NA,NA,NA
Organisational trust (employees),Q70b,"The next questions are about your workplace. To what extent do you agree or disagree with the following statements?
B - The management trusts the employees to do their work well.","1 - Strongly agree
2 - Tend to agree
3 - Neither agree nor disagree
4 - Tend to disagree
5 - Strongly disagree

7 - Not applicable
8 - Don't know
9 - Refusal",New,NA,NA,NA,NA,NA,NA,NA,NA,NA,NA,NA,NA,NA,NA,NA,NA,NA,NA,NA,NA,NA,NA
Organisational trust (conflicts resolving),Q70c,"The next questions are about your workplace. To what extent do you agree or disagree with the following statements?
C - Conflicts are resolved in a fair way.","1 - Strongly agree
2 - Tend to agree
3 - Neither agree nor disagree
4 - Tend to disagree
5 - Strongly disagree

7 - Not applicable
8 - Don't know
9 - Refusal",New,NA,NA,NA,NA,NA,NA,NA,NA,NA,NA,NA,NA,NA,NA,NA,NA,NA,NA,NA,NA,NA,NA
Organisational trust (work distribution),Q70d,"The next questions are about your workplace. To what extent do you agree or disagree with the following statements?
D - The work is distributed fairly.","1 - Strongly agree
2 - Tend to agree
3 - Neither agree nor disagree
4 - Tend to disagree
5 - Strongly disagree

7 - Not applicable
8 - Don't know
9 - Refusal",New,NA,NA,NA,NA,NA,NA,NA,NA,NA,NA,NA,NA,NA,NA,NA,NA,NA,NA,NA,NA,NA,NA
Organisational trust (work organisation),Q70e,"The next questions are about your workplace. To what extent do you agree or disagree with the following statements?
E - There is good cooperation between you and your colleagues.","1 - Strongly agree
2 - Tend to agree
3 - Neither agree nor disagree
4 - Tend to disagree
5 - Strongly disagree

7 - Not applicable
8 - Don't know
9 - Refusal",New,NA,NA,NA,NA,NA,NA,NA,NA,NA,NA,NA,NA,NA,NA,NA,NA,NA,NA,NA,NA,NA,NA
Organisational trust (cooperation),Q70f,"The next questions are about your workplace. To what extent do you agree or disagree with the following statements?
F - In general, employees trust management.","1 - Strongly agree
2 - Tend to agree
3 - Neither agree nor disagree
4 - Tend to disagree
5 - Strongly disagree

7 - Not applicable
8 - Don't know
9 - Refusal",New,NA,NA,NA,NA,NA,NA,NA,NA,NA,NA,NA,NA,NA,NA,NA,NA,NA,NA,NA,NA,NA,NA
Representation and consultation (trade union),Q71a,"Does the following exist at your company or organisation…?
A - Trade union, works council or a similar committee representing employees?","1- Yes
2 - No

8 - DK",New,NA,NA,NA,NA,NA,NA,NA,NA,NA,NA,NA,NA,NA,NA,NA,NA,NA,NA,NA,NA,NA,NA
Representation and consultation (H&S Committee),Q71b,"Does the following exist at your company or organisation…?
B - Health and safety delegate or committee?","1- Yes
2 - No

8 - DK",New,NA,NA,NA,NA,NA,NA,NA,NA,NA,NA,NA,NA,NA,NA,NA,NA,NA,NA,NA,NA,NA,NA
Direct participation (management meetings),Q71c,"Does the following exist at your company or organisation…?
C - A regular meeting in which employees can express their views about what is happening in the organisation?","1- Yes
2 - No

8 - DK",New,NA,NA,NA,NA,NA,NA,NA,NA,NA,NA,NA,NA,NA,NA,NA,NA,NA,NA,NA,NA,NA,NA
Discrimination (age),Q72a,"Over the past 12 months at work, have you been subjected personally to any of the following? 
 [IF Q17=00: Since you started your main paid job, have you been subjected personally at work to any of the following?]

A - age discrimination","1 - Mentioned
2 - Not mentioned

8 - DK
9 - Refusal",Trend 95 ( ?),Q65.a,"Over the past 12 months, have you been subjected at work to …age discrimination","1 - Yes
2 - No

8 - DK (spontaneous)
9 - Refusal (spontaneous)",Q29.g,"Over the past 12 months, have you or have you not, personally been subjected at work to...? age discrimination","1 - Yes
2 - No

8 - DK (spontaneous)
9 - Refusal (spontaneous)",Q28.6,"Over the past 12 months, have you or have you not, personally been subjected at work to...? age discrimination","1 - Yes
2 - No

3 - DK (spontaneous)",Q31.6,"Over the past 12 months, have you or have you not, personally been subjected at work to...? age discrimination","1 - Yes
2 - No

3 - DK (spontaneous)",Q27.5,Q27.5,Q29.g,"Over the past 12 months, when of work, have you, or have you not, been subjected to? Age discrimination","1 - Yes
2 - No

3 - DK (spontaneous)",NA,NA,NA,NA,NA
Discrimination (race),Q72b,"Over the past 12 months at work, have you been subjected personally to any of the following? 
 [IF Q17=00: Since you started your main paid job, have you been subjected personally at work to any of the following?]
B - discrimination linked to race, ethnic background or colour","1 - Mentioned
2 - Not mentioned

8 - DK
9 - Refusal","Modified Trend,",Q65.b,"Over the past 12 months, have you been subjected at work to …discrimination linked to race, ethnic background or colour","1 - Yes
2 - No

8 - DK (spontaneous)
9 - Refusal (spontaneous)",Q29.i,"Over the past 12 months, have you or have you not, personally been subjected at work to...? discrimination linked to ethnic background","1 - Yes
2 - No

8 - DK (spontaneous)
9 - Refusal (spontaneous)",Q28.8,"Over the past 12 months, have you or have you not, personally been subjected at work to...? discrimination linked to ethnic background/race","1 - Yes
2 - No

3 - DK (spontaneous)",Q31.8,"Over the past 12 months, have you or have you not, personally been subjected at work to...? discrimination linked to ethnic background/race","1 - Yes
2 - No

3 - DK (spontaneous)",Q27.6,Q27.6,Q29.i,"Over the past 12 months, when of work, have you, or have you not, been subjected to? Race discrimination","1 - Yes
2 - No

3 - DK (spontaneous)",NA,NA,NA,NA,NA
Discrimination (nationality),Q72c,"Over the past 12 months at work, have you been subjected personally to any of the following? 
 [IF Q17=00: Since you started your main paid job, have you been subjected personally at work to any of the following?]
C - discrimination linked to nationality","1 - Mentioned
2 - Not mentioned

8 - DK
9 - Refusal",trend 95 ?,Q65.c,"Over the past 12 months, have you been subjected at work to …discrimination linked to nationality","1 - Yes
2 - No

8 - DK (spontaneous)
9 - Refusal (spontaneous)",Q29.h,"Over the past 12 months, have you or have you not, personally been subjected at work to...? discrimination linked to nationality","1 - Yes
2 - No

8 - DK (spontaneous)
9 - Refusal (spontaneous)",Q28.7,"Over the past 12 months, have you or have you not, personally been subjected at work to...? discrimination linked to nationality","1 - Yes
2 - No

3 - DK (spontaneous)",Q31.7,"Over the past 12 months, have you or have you not, personally been subjected at work to...? discrimination linked to nationality","1 - Yes
2 - No

3 - DK (spontaneous)",Q27.8,Q27.8,Q29.h,"Over the past 12 months, when of work, have you, or have you not, been subjected to? Nationality discrimination","1 - Yes
2 - No

3 - DK (spontaneous)",NA,NA,NA,NA,NA
Discrimination (sex),Q72d,"Over the past 12 months at work, have you been subjected personally to any of the following? 
 [IF Q17=00: Since you started your main paid job, have you been subjected personally at work to any of the following?]
D - discrimination on the basis of your sex","1 - Mentioned
2 - Not mentioned

8 - DK
9 - Refusal","Modified Trend,",Q65.d,"Over the past 12 months, have you been subjected at work to …discrimination on the basis of your sex","1 - Yes
2 - No

8 - DK (spontaneous)
9 - Refusal (spontaneous)",Q29.e,"Over the past 12 months, have you or have you not, personally been subjected at work to...? sexual discrimination / discrimination linked to gender","1 - Yes
2 - No

8 - DK (spontaneous)
9 - Refusal (spontaneous)",Q28.4,"Over the past 12 months, have you or have you not, personally been subjected at work to...? sexual discrimination","1 - Yes
2 - No

3 - DK (spontaneous)",Q31.4,"Over the past 12 months, have you or have you not, personally been subjected at work to...? sexual discrimination","1 - Yes
2 - No

3 - DK (spontaneous)",Q27.3,Q27.3,Q29.e,"Over the past 12 months, when of work, have you, or have you not, been subjected to? Sexual discrimination","1 - Yes
2 - No

3 - DK (spontaneous)",NA,NA,NA,NA,NA
Discrimination (religion),Q72e,"Over the past 12 months at work, have you been subjected personally to any of the following? 
 [IF Q17=00: Since you started your main paid job, have you been subjected personally at work to any of the following?]
E -  discrimination linked to religion","1 - Mentioned
2 - Not mentioned

8 - DK
9 - Refusal",Trend 2005,Q65.e,"Over the past 12 months, have you been subjected at work to …discrimination linked to religion","1 - Yes
2 - No

8 - DK (spontaneous)
9 - Refusal (spontaneous)",Q29.j,"Over the past 12 months, have you or have you not, personally been subjected at work to...? discrimination linked to religion","1 - Yes
2 - No

8 - DK (spontaneous)
9 - Refusal (spontaneous)",NA,NA,NA,NA,NA,NA,NA,NA,NA,NA,NA,NA,NA,NA,NA,NA
Discrimination (disability),Q72f,"Over the past 12 months at work, have you been subjected personally to any of the following? 
 [IF Q17=00: Since you started your main paid job, have you been subjected personally at work to any of the following?]
F - discrimination linked to disability","1 - Mentioned
2 - Not mentioned

8 - DK
9 - Refusal",Modified Trend 95,Q65.f,"Over the past 12 months, have you been subjected at work to …discrimination linked to disability","1 - Yes
2 - No

8 - DK (spontaneous)
9 - Refusal (spontaneous)",Q29.k,"Over the past 12 months, have you or have you not, personally been subjected at work to...? discrimination linked to disability","1 - Yes
2 - No

8 - DK (spontaneous)
9 - Refusal (spontaneous)",Q28.9,"Over the past 12 months, have you or have you not, personally been subjected at work to...? discrimination linked to disability","1 - Yes
2 - No

3 - DK (spontaneous)",Q31.9,"Over the past 12 months, have you or have you not, personally been subjected at work to...? discrimination linked to disability","1 - Yes
2 - No

3 - DK (spontaneous)",q27.7,q27.7,Q29.k,"Over the past 12 months, when of work, have you, or have you not, been subjected to? Disability discrimination","1 - Yes
2 - No

3 - DK (spontaneous)",NA,NA,NA,NA,NA
Discrimination (sexual orientation),Q72g,"Over the past 12 months at work, have you been subjected personally to any of the following? 
 [IF Q17=00: Since you started your main paid job, have you been subjected personally at work to any of the following?]
G - discrimination linked to sexual orientation","1 - Mentioned
2 - Not mentioned

8 - DK
9 - Refusal",trend 2000,Q65.g,"Over the past 12 months, have you been subjected at work to …discrimination linked to sexual orientation","1 - Yes
2 - No

8 - DK (spontaneous)
9 - Refusal (spontaneous)",Q29.l,"Over the past 12 months, have you or have you not, personally been subjected at work to...? discrimination linked to sexual orientation","1 - Yes
2 - No

8 - DK (spontaneous)
9 - Refusal (spontaneous)",Q28.10,"Over the past 12 months, have you or have you not, personally been subjected at work to...? discrimination linked to sexual orientation","1 - Yes
2 - No

3 - DK (spontaneous)",Q31.10,"Over the past 12 months, have you or have you not, personally been subjected at work to...? discrimination linked to sexual orientation","1 - Yes
2 - No

3 - DK (spontaneous)",NA,NA,NA,NA,NA,NA,NA,NA,NA,NA
Health (perceived risk),Q73,Do you think your health or safety is at risk because of your work ?,"1 - Yes
2 - No

8 - DK/no opinion (spontaneous)
9 - Refusal (spontaneous)",Trend 91,Q66,Do you think your health or safety is at risk because of your work?,"1 - Yes
2 - No

8 - DK/no opinion (spontaneous)
9 - Refusal (spontaneous)",Q32,Do you think your health or safety is at risk because of your work?,"1 - Yes
2 - No  

8 - DK/no opinion (spontaneous) 
9 - Refusal (spontaneous)",Q30,"Do you think your health or safety is at risk because of your work, or not?","1 - Yes
2 - No

3 - DK (spontaneous)",Q34,"Do you think your health or safety is at risk because of your work, or not?","1 - Yes
2 - No

3 - DK (spontaneous)",Q31,Q31,Q32,"Do you think your health and safety is at risk because of your work, or not?","1 - Yes
2 - No

3 - DK (spontaneous)",A16,Q16,q32,Do you think your health or safety is at risk because of your work?,"1 - Yes
2 - No

3 - DK (spontaneous)"
Health (does work affect health),Q74,Does your work affect your health?,"1 - Yes, mainly positively 
2 - Yes, mainly negatively
3 - No

8 - DK/no opinion (spontaneous)
9 - Refusal (spontaneous)",Trend 2005,Q67,"Does your work affect your health, or not?","1 - Yes, mainly positively 
2 - Yes, mainly negatively
3 - No

8 - DK/no opinion (spontaneous)
9 - Refusal (spontaneous)",Q33,"Does your work affect your health, or not?","1 - Yes
2 - No  

8 - DK/no opinion (spontaneous) 
9 - Refusal (spontaneous)",Q31.a,"Does your work affect your health, or not? (IF YES) How does it affect your health?No, it does not affect my health","1 - Mentioned 
2 - Not mentioned 

9 - DK",q35.a,"Does your work affect your health, or not? (IF YES) How does it affect your health?No, it does not affect my health","1 - Mentioned 
2 - Not mentioned 

9 - DK",Q34.1,Q34.1,q34c01,"Does your work affect your health, or not? (IF YES) How does it affect your health?No, it does not affect my health","1 - Mentioned 
2 - Not mentioned 

9 - DK",A6,-,a6,Would you say that your professional activity affects or could affect your health ?,"1 - Yes, very much
2 - Yes, a bit
3 - No, not really
4 - No, not at all

5 - DK"
Health (subjective assessment),Q75,"The following questions are about your general health,  not necessarily related to your work. 
How is your health in general? Would you say it is …","1 - Very good 
2 - Good
3 - Fair
4 - Bad
5 - Very bad

8 - DK/no opinion (spontaneous)
9 - Refusal (spontaneous)",Trend 2010,Q68,How is your health in general? Would you say it is …,"1 - Very good 
2 - Good
3 - Fair
4 - Bad
5 - Very bad

8 - DK/no opinion (spontaneous)
9 - Refusal (spontaneous)",NA,NA,NA,NA,NA,NA,NA,NA,NA,NA,NA,NA,NA,NA,NA,NA,NA,NA,NA
Health (longstanding health problems),Q76,"Do you have any illness or health problem which has lasted, or is expected to last, for more than 6 months?
","1 - Yes
2 - No

8 - DK/no opinion (spontaneous)
9 - Refusal (spontaneous)",New,NA,NA,NA,NA,NA,NA,NA,NA,NA,NA,NA,NA,NA,NA,NA,NA,NA,NA,NA,NA,NA,NA
Health (longstanding activity limitatios),Q77,Are your daily activities limited because of a health problem which has lasted for more than 6 months?,"1. Yes, severely limited 
2. Yes, somewhat limited
3. Not limited at all

8. don't know 
9. refusal
",New,NA,NA,NA,NA,NA,NA,NA,NA,NA,NA,NA,NA,NA,NA,NA,NA,NA,NA,NA,NA,NA,NA
Health outcomes (hearing),Q78a,"Over the last 12 months, did you have any of the following health problems?
A - hearing problems","1 - Yes
2 - No

8 - DK (spontaneous)
9 - Refusal (spontaneous)",trend 2010,Q69.a,"Over the last 12 months, did you suffer from any of the following health problems? hearing problems","1 - Yes
2 - No

8 - DK (spontaneous)
9 - Refusal (spontaneous)",Q33A.a,How does it affect your health? hearing problems,"1 - Mentioned 
2 - Not mentioned 

8 - DK 
9 - Refusal",Q31.b,"Does your work affect your health, or not? (IF YES) How does it affect your health? Yes, hearing problems","1 - Mentioned 
2 - Not mentioned 

9 - DK",Q35.b,"Does your work affect your health, or not? (IF YES) How does it affect your health? Yes, hearing problems","1 - Mentioned 
2 - Not mentioned 

9 - DK",Q34.2,Q34.2,q34c02,"Does your work affect your health, or not? (IF YES) how does it affect your health? Yes, ear problems","1 - Mentioned 
2 - Not mentioned 

9 - DK",A7_03,-,a7c03,In which way(s) does your work affect your health ? Tiring/painful for the ears,"1 - Mentioned 
2 - Not mentioned"
Health outcomes (skin),Q78b,"Over the last 12 months, did you have any of the following health problems?
B - skin problems","1 - Yes
2 - No

8 - DK (spontaneous)
9 - Refusal (spontaneous)",Trend 2010,Q69.b,"Over the last 12 months, did you suffer from any of the following health problems? skin problems","1 - Yes
2 - No

8 - DK (spontaneous)
9 - Refusal (spontaneous)",Q33A.c,How does it affect your health? skin problems,"1 - Mentioned 
2 - Not mentioned 

8 - DK 
9 - Refusal",Q31.d,"Does your work affect your health, or not? (IF YES) How does it affect your health? Yes, skin problems","1 - Mentioned 
2 - Not mentioned 

9 - DK",Q35.d,"Does your work affect your health, or not? (IF YES) How does it affect your health? Yes, skin problems","1 - Mentioned 
2 - Not mentioned 

9 - DK",q34.4,q34.4,q34c04,"Does your work affect your health, or not? (IF YES) how does it affect your health? Yes, skin problems","1 - Mentioned 
2 - Not mentioned 

9 - DK",A7_08,-,a7c08,In which way(s) does your work affect your health ? Skin problems,"1 - Mentioned 
2 - Not mentioned"
Health outcomes (backache),Q78c,"Over the last 12 months, did you have any of the following health problems?
C - backache","1 - Yes
2 - No

8 - DK (spontaneous)
9 - Refusal (spontaneous)",Trend 2010,Q69.c,"Over the last 12 months, did you suffer from any of the following health problems? backache","1 - Yes
2 - No

8 - DK (spontaneous)
9 - Refusal (spontaneous)",Q33A.d,How does it affect your health? Backache,"1 - Mentioned 
2 - Not mentioned 

8 - DK 
9 - Refusal",Q31.e,"Does your work affect your health, or not? (IF YES) How does it affect your health? Yes, backache","1 - Mentioned 
2 - Not mentioned 

9 - DK",Q35.e,"Does your work affect your health, or not? (IF YES) How does it affect your health? Yes, backache","1 - Mentioned 
2 - Not mentioned 

9 - DK",q34.5,q34.5,q34c05,"Does your work affect your health, or not? (IF YES) how does it affect your health? Yes, backache","1 - Mentioned 
2 - Not mentioned 

9 - DK",A7_05,-,a7c05,In which way(s) does your work affect your health ? Backache,"1 - Mentioned 
2 - Not mentioned"
"Health outcomes (muscular, shoulders)",Q78d,"Over the last 12 months, did you have any of the following health problems?
D - muscular pains in shoulders, neck and/or upper limbs (arms, elbows, wrists, hands etc.)","1 - Yes
2 - No

8 - DK (spontaneous)
9 - Refusal (spontaneous)",Trend 2010,Q69.d,"Over the last 12 months, did you suffer from any of the following health problems? muscular pains in shoulders, neck and/or upper limbs","1 - Yes
2 - No

8 - DK (spontaneous)
9 - Refusal (spontaneous)",Q33A.g,"How does it affect your health? muscular pains in shoulders, neck and/or upper/lower limbs","1 - Mentioned 
2 - Not mentioned 

8 - DK 
9 - Refusal",Q31.h,"Does your work affect your health, or not? (IF YES) How does it affect your health? Yes, muscular pains in shoulders and neck","1 - Mentioned 
2 - Not mentioned 

9 - DK",Q35.h,"Does your work affect your health, or not? (IF YES) How does it affect your health? Yes, muscular pains in shoulders and neck","1 - Mentioned 
2 - Not mentioned 

9 - DK",q34.8,q34.8,q34c08,"Does your work affect your health, or not? (IF YES) how does it affect your health? Yes, muscular pain in arms or legs","1 - Mentioned 
2 - Not mentioned 

9 - DK",A7_04,-,a7c04,In which way(s) does your work affect your health ? Muscular pains in the limbs (arms or legs),"1 - Mentioned 
2 - Not mentioned"
"Health outcomes (muscular, lower limbs)",Q78e,"Over the last 12 months, did you have any of the following health problems?
E - muscular pains in lower limbs (hips, legs, knees, feet etc.)","1 - Yes
2 - No

8 - DK (spontaneous)
9 - Refusal (spontaneous)",Trend 2010,Q69.e,"Over the last 12 months, did you suffer from any of the following health problems? muscular pains in lower limbs (hips, legs, knees, feet etc.)","1 - Yes
2 - No

8 - DK (spontaneous)
9 - Refusal (spontaneous)",Q33A.g,"How does it affect your health? muscular pains in shoulders, neck and/or upper/lower limbs","1 - Mentioned 
2 - Not mentioned 

8 - DK 
9 - Refusal",Q31.j,"Does your work affect your health, or not? (IF YES) How does it affect your health? Yes, muscular pains in lower limbs","1 - Mentioned 
2 - Not mentioned 

9 - DK",Q35.j,"Does your work affect your health, or not? (IF YES) How does it affect your health? Yes, muscular pains in lower limbs","1 - Mentioned 
2 - Not mentioned 

9 - DK",NA,NA,NA,NA,NA,NA,NA,NA,NA,NA
Health outcomes (headache),Q78f,"Over the last 12 months, did you have any of the following health problems?
F - headaches, eyestrain","1 - Yes
2 - No

8 - DK (spontaneous)
9 - Refusal (spontaneous)",Trend 2010,Q69.f,"Over the last 12 months, did you suffer from any of the following health problems? headaches, eyestrain","1 - Yes
2 - No

8 - DK (spontaneous)
9 - Refusal (spontaneous)",Q33A.e,How does it affect your health? Headaches,"1 - Mentioned 
2 - Not mentioned 

8 - DK 
9 - Refusal",Q31.f,"Does your work affect your health, or not? (IF YES) How does it affect your health? Yes, headaches","1 - Mentioned 
2 - Not mentioned 

9 - DK",Q35.f,"Does your work affect your health, or not? (IF YES) How does it affect your health? Yes, headaches","1 - Mentioned 
2 - Not mentioned 

9 - DK",q34.6,q34.6,q34c06,"Does your work affect your health, or not? (IF YES) how does it affect your health? Yes, headaches","1 - Mentioned 
2 - Not mentioned 

9 - DK",NA,NA,NA,NA,NA
Health outcomes (injury),Q78g,"Over the last 12 months, did you have any of the following health problems?
G - injury(ies)","1 - Yes
2 - No

8 - DK (spontaneous)
9 - Refusal (spontaneous)",Trend 2010,Q69.j,"Over the last 12 months, did you suffer from any of the following health problems? injury(ies)","1 - Yes
2 - No

8 - DK (spontaneous)
9 - Refusal (spontaneous)",Q33A.j,How does it affect your health? injury(ies),"1 - Mentioned 
2 - Not mentioned 

8 - DK 
9 - Refusal",Q31.m,"Does your work affect your health, or not? (IF YES) How does it affect your health? Yes, injury(ies)","1 - Mentioned 
2 - Not mentioned 

9 - DK",Q35.m,"Does your work affect your health, or not? (IF YES) How does it affect your health? Yes, injury(ies)","1 - Mentioned 
2 - Not mentioned 

9 - DK",NA,NA,NA,NA,NA,NA,NA,NA,NA,NA
Health outcomes (anxiety),Q78h,"Over the last 12 months, did you have any of the following health problems?
H - anxiety","1 - Yes
2 - No

8 - DK (spontaneous)
9 - Refusal (spontaneous)","Modified Trend, wording changed (depression deleted)",Q69.k,"Over the last 12 months, did you suffer from any of the following health problems? depression or anxiety","1 - Yes
2 - No

8 - DK (spontaneous)
9 - Refusal (spontaneous)",Q33A.o,How does it affect your health? Anxiety,"1 - Mentioned 
2 - Not mentioned 

8 - DK 
9 - Refusal",Q31.r,"Does your work affect your health, or not? (IF YES) How does it affect your health? Yes, anxiety","1 - Mentioned 
2 - Not mentioned 

9 - DK",Q35.r,"Does your work affect your health, or not? (IF YES) How does it affect your health? Yes, anxiety","1 - Mentioned 
2 - Not mentioned 

9 - DK",q34.15,q34.15,q34c15,"Does your work affect your health, or not? (IF YES) how does it affect your health? Yes, anxiety","1 - Mentioned 
2 - Not mentioned 

9 - DK",A7_09,-,a7c09,In which way(s) does your work affect your health ? Personal problems at the workplace,"1 - Mentioned 
2 - Not mentioned"
Health outcomes (fatigue),Q78i,"Over the last 12 months, did you have any of the following health problems?
I - overall fatigue","1 - Yes
2 - No

8 - DK (spontaneous)
9 - Refusal (spontaneous)",Trend 2010,Q69.l,"Over the last 12 months, did you suffer from any of the following health problems? overall fatigue","1 - Yes
2 - No

8 - DK (spontaneous)
9 - Refusal (spontaneous)",Q33A.l,How does it affect your health? overall fatigue,"1 - Mentioned 
2 - Not mentioned 

8 - DK 
9 - Refusal",Q31.o,"Does your work affect your health, or not? (IF YES) How does it affect your health? Yes, overall fatigue","1 - Mentioned 
2 - Not mentioned 

9 - DK",Q35.o,"Does your work affect your health, or not? (IF YES) How does it affect your health? Yes, overall fatigue","1 - Mentioned 
2 - Not mentioned 

9 - DK",q34.11,q34.11,q34c11,"Does your work affect your health, or not? (IF YES) how does it affect your health? Yes, overall fatigue","1 - Mentioned 
2 - Not mentioned 

9 - DK",A7_07,-,a7c07,"In which way(s) does your work affect your health ? Overall tiredness, work that is too tiring","1 - Mentioned 
2 - Not mentioned"
Health outcomes (other),Q78j,"Over the last 12 months, did you have any of the following health problems?
J - other (sponteneous)","1 - Yes
2 - No

8 - DK (spontaneous)
9 - Refusal (spontaneous)",Modified Trend,Q69.n,"Over the last 12 months, did you suffer from any of the following health problems? other","1 - Yes
2 - No

8 - DK (spontaneous)
9 - Refusal (spontaneous)",Q33A.q,How does it affect your health? other,"1 - Mentioned 
2 - Not mentioned 

8 - DK 
9 - Refusal",Q31.u,"Does your work affect your health, or not? (IF YES) How does it affect your health? Other","1 - Mentioned 
2 - Not mentioned 

9 - DK",Q35.u,"Does your work affect your health, or not? (IF YES) How does it affect your health? Other","1 - Mentioned 
2 - Not mentioned 

9 - DK",q34.18,q34.18,q34c18,"Does your work affect your health, or not? (IF YES) how does it affect your health? Other","1 - Mentioned 
2 - Not mentioned 

9 - DK",A7_10,-,a7c10,In which way(s) does your work affect your health ? Other,"1 - Mentioned 
2 - Not mentioned"
"Health outcomes (sleeping problems, falling asleep)",Q79a,"Over the last 12 months, how often did you have any of the following sleep related problems?
A - Difficulty falling asleep","1 - Daily
2 - Several times a week
3 - Several times a month
4 - Less often
5 - Never

8 - DK
9 - Refusal",New,NA,NA,NA,NA,NA,NA,NA,NA,NA,NA,NA,NA,NA,NA,NA,NA,NA,NA,NA,NA,NA,NA
"Health outcomes (sleeping problems, waking up)",Q79b,"Over the last 12 months, how often did you have any of the following sleep related problems?
B - Waking up repeatedly during the sleep?","1 - Daily
2 - Several times a week
3 - Several times a month
4 - Less often
5 - Never

8 - DK
9 - Refusal",New,NA,NA,NA,NA,NA,NA,NA,NA,NA,NA,NA,NA,NA,NA,NA,NA,NA,NA,NA,NA,NA,NA
"Health outcomes (sleeping problems, fatigue)",Q79c,"Over the last 12 months, how often did you have any of the following sleep related problems?
C - Waking up with a feeling of exhaustion and fatigue?","1 - Daily
2 - Several times a week
3 - Several times a month
4 - Less often
5 - Never

8 - DK
9 - Refusal",New,NA,NA,NA,NA,NA,NA,NA,NA,NA,NA,NA,NA,NA,NA,NA,NA,NA,NA,NA,NA,NA,NA
Verbal abuse,Q80a,"Over the last month, during the course of your work have you been subjected to..
A - verbal abuse?","1 - Yes
2 - No

8 - DK (spontaneous)
9 - Refusal (spontaneous)",Trend 2010,Q70.a,"Over the last month, during the course of your work  have you been subjected to verbal abuse?","1 - Yes
2 - No

8 - DK (spontaneous)
9 - Refusal (spontaneous)",NA,NA,NA,Q28.3,"Over the past 12 months, have you or have you not, personally been subjected at work to...? Intimidation","1 - Yes
2 - No

3 - DK (spontaneous)",Q31.3,"Over the past 12 months, have you or have you not, personally been subjected at work to...? Intimidation","1 - Yes
2 - No

3 - DK (spontaneous)",q27.2,q27.2,q27b,"Over the past 12 months, when of work, have you, or have you not, been subjected to? Intimidation","1 - Yes
2 - No

3 - DK (spontaneous)",NA,NA,NA,NA,NA
Unwanted sexual attention,Q80b,"Over the last month, during the course of your work have you been subjected to..
B - unwanted sexual attention?","1 - Yes
2 - No

8 - DK (spontaneous)
9 - Refusal (spontaneous)",Trend 2010,Q70.b,"Over the last month, during the course of your work  have you been subjected to unwanted sexual attention?","1 - Yes
2 - No

8 - DK (spontaneous)
9 - Refusal (spontaneous)",Q29.f,"Over the past 12 months, have you or have you not, personally been subjected at work to...? unwanted sexual attention","1 - Yes
2 - No

8 - DK (spontaneous)
9 - Refusal (spontaneous)",Q28.5,"Over the past 12 months, have you or have you not, personally been subjected at work to...? unwanted sexual attention","1 - Yes
2 - No

3 - DK (spontaneous)",Q31.5,"Over the past 12 months, have you or have you not, personally been subjected at work to...? unwanted sexual attention","1 - Yes
2 - No

3 - DK (spontaneous)",q27.4,q27.4,Q29.f,"Over the past 12 months, when of work, have you, or have you not, been subjected to? Unwanted sexual attention","1 - Yes
2 - No

3 - DK (spontaneous)",NA,NA,NA,NA,NA
Threats,Q80c,"Over the last month, during the course of your work have you been subjected to..
C - threats?","1 - Yes
2 - No

8 - DK (spontaneous)
9 - Refusal (spontaneous)","Modified Trend 2010, splitted up",Q70.c,"Over the last month, during the course of your work  have you been subjected to threats and humiliating behaviour?","1 - Yes
2 - No

8 - DK (spontaneous)
9 - Refusal (spontaneous)",NA,NA,NA,NA,NA,NA,NA,NA,NA,NA,NA,NA,NA,NA,NA,NA,NA,NA,NA
Humiliation,Q80d,"Over the last month, during the course of your work have you been subjected to..
D - humiliating behaviours?","1 - Yes
2 - No

8 - DK (spontaneous)
9 - Refusal (spontaneous)","Modified Trend 2010, splitted up",Q70.c,NA,NA,NA,NA,NA,NA,NA,NA,NA,NA,NA,NA,NA,NA,NA,NA,NA,NA,NA,NA,NA
Violence,Q81a,"And over the past 12 months, during the course of your work have you been subjected to… [IF Q17=00: And since you started your main paid job, during the course of your work have you been subjected to…] 
A - physical violence?","1 - Yes
2 - No

8 - DK (spontaneous)
9 - Refusal (spontaneous)",Modified Trend,Q71.a,"And over the past 12 months, during the course of your work  have you been subjected to physical violence","1 - Yes
2 - No

8 - DK (spontaneous)
9 - Refusal (spontaneous)",Q29.b-c,"Over the past 12 months, have you or have you not, personally been subjected at work to...? B) physical violence from people from your workplace C) physical violence from other people","1 - Yes
2 - No

8 - DK (spontaneous)
9 - Refusal (spontaneous)",Q28.1-2,"Over the past 12 months, have you or have you not, personally been subjected at work to...? 1) physical violence from people from your workplace. 2) physical violence from other people","1 - Yes
2 - No

3 - DK (spontaneous)",Q31.1-2,"Over the past 12 months, have you or have you not, personally been subjected at work to...? 1) physical violence from people from your workplace. 2) physical violence from other people","1 - Yes
2 - No

3 - DK (spontaneous)",q27.1,q27.1,q27a,"Over the past 12 months, when of work, have you, or have you not, been subjected to? Physical violence","1 - Yes
2 - No

3 - DK (spontaneous)",NA,NA,NA,NA,NA
Sexual harassment,Q81b,"And over the past 12 months, during the course of your work have you been subjected to… [IF Q17=00: And since you started your main paid job, during the course of your work have you been subjected to…] 
B - sexual harassment?","1 - Yes
2 - No

8 - DK (spontaneous)
9 - Refusal (spontaneous)",Trend 2010,Q71.c,"And over the past 12 months, during the course of your work  have you been subjected to sexual harassment","1 - Yes
2 - No

8 - DK (spontaneous)
9 - Refusal (spontaneous)",NA,NA,NA,NA,NA,NA,NA,NA,NA,NA,NA,NA,NA,NA,NA,NA,NA,NA,NA
Bullying,Q81c,"And over the past 12 months, during the course of your work have you been subjected to… [IF Q17=00: And since you started your main paid job, during the course of your work have you been subjected to…] 
C - bullying / harassment?","1 - Yes
2 - No

8 - DK (spontaneous)
9 - Refusal (spontaneous)",Trend 2010,Q71.b,"And over the past 12 months, during the course of your work  have you been subjected to bullying /harassment","1 - Yes
2 - No

8 - DK (spontaneous)
9 - Refusal (spontaneous)",Q29.d,"Over the past 12 months, have you or have you not, personally been subjected at work to...? bullying / harassment","1 - Yes
2 - No

8 - DK (spontaneous)
9 - Refusal (spontaneous)",NA,NA,NA,NA,NA,NA,NA,NA,NA,NA,NA,NA,NA,NA,NA,NA
Absenteeism (health problems),Q82,"Over the past 12 months how many days in total were you absent from work due to sick leave or health-related leave?
 [IF Q17=00: Since you started your main paid job, how many days in total have you been absent from work due to sick leave or health-related leave?]
","Number of working days:……………………  
888 - DK/no opinion (spontaneous)
999 - Refusal (spontaneous)
000 - None",Modified Trend,Q72,Over the past 12 months how many days in total were you absent from work for reasons of health problems?,"# Number of  working days
  
888 - DK/no opinion (spontaneous)
999 - Refusal (spontaneous)
000 - None",Q34b,Over the past 12 months how many days in total  were you absent from work for reasons of health problems?,"# Number of days

888 - DK/no opinion (spontaneous)
999 - Refusal (spontaneous)",Q32c,And due to other health problems?,"# Number of days

000 - Never
999 - Can't remember",Q36c,And due to other health problems?,"# Number of days

000 - Never
999 - Can't remember",Q32,Q32,q32r,"Over the past 12 months, how many days, if any, were your absent due to health problems caused by your main job?",# Number of days,NA,NA,NA,NA,NA
Absenteeism (accident in work),Q83a,"How many of these days of absence resulted from the following?
A - Accidents at work","Number of working days:……………………  
888 - DK/no opinion (spontaneous)
999 - Refusal (spontaneous)
000 - None","Modified Trent, changed 2014",Q73,"Of the days of absence indicated above, can you indicate how many days were attributable to an accident or accidents at work?","# Number of working days
  
888 - DK/no opinion (spontaneous)
999 - Refusal (spontaneous)",Q34c.1,"Of the days of absence indicated above, can you indicate how many days were attributable to the following: Accident(s) at work","# Number of days

888 - DK/no opinion (spontaneous)
999 - Refusal (spontaneous)",Q32a,"In your main paid job, how many days over the past 12 months were you absent due to an accident at work?","# Number of days

000 - Never (spontaneous)
999 - Can't remember (spontaneous)",Q36a,"In your main paid job, how many days over the past 12 months were you absent due to an accident at work?","# Number of days

000 - Never (spontaneous)
999 - Can't remember (spontaneous)",Q32,Q32,q32r,"Over the past 12 months, how many days, if any, were your absent due to health problems caused by your main job?",# Number of days,NA,NA,NA,NA,NA
Absenteeism (caused by work),Q83b,"How many of these days of absence resulted from the following?
B - Health problems caused or made worse by  your work (excluding accidents)","Number of working days:……………………  
888 - DK/no opinion (spontaneous)
999 - Refusal (spontaneous)
000 - None","Modified Trend, Changed 2014",NA,NA,NA,Q34c.2,"Of the days of absence indicated above, can you indicate how many days were attributable to the following: Health problems caused by your work","# Number of days

888 - DK
999 - Refusal",Q32b,And due to health problems caused by your work?,# Number of days,Q36b,And due to health problems caused by your work?,# Number of days,NA,NA,NA,NA,NA,NA,NA,NA,NA,NA
Working when sick,Q84a,"Over the past 12 months did you work when you were sick ? [IF Q17=00: Since you started your main paid job, have you worked when you were sick?] 
","1 - Yes
2 - No

7 - I was not sick (spontaneous)
8 - DK (spontaneous)
9 - Refusal (spontaneous)

(IF YES)  Number of working days [PROG: 001-365]: …………………… 

 888 - DK/no opinion (spontaneous)
 999 - Refusal (spontaneous)
",Trend 2010,Q74,Over the past 12 months did you work when you were sick?,"1 - Yes 
2 - No

7 - I was not sick (spontaneous)
8 - DK/no opinion (spontaneous)
9 - Refusal (spontaneous)",NA,NA,NA,NA,NA,NA,NA,NA,NA,NA,NA,NA,NA,NA,NA,NA,NA,NA,NA
Working when sick,Q84b,Number of working days,"Number of working days:……………………  
888 - DK/no opinion (spontaneous)
999 - Refusal (spontaneous)",New,NA,NA,NA,NA,NA,NA,NA,NA,NA,NA,NA,NA,NA,NA,NA,NA,NA,NA,NA,NA,NA,NA
Health (change of work),Q85,"You mentioned earlier that you have an illness or a health problem which has lasted, or is expected to last, for 6 months or more. Has your workplace or work activity been changed to accommodate for your illness or health problem?","1 - Yes  
2 - No

8 - Don't know 
9 - Refusal 
",New,NA,NA,NA,NA,NA,NA,NA,NA,NA,NA,NA,NA,NA,NA,NA,NA,NA,NA,NA,NA,NA,NA
Health (change need),Q86,Would further adaptation in your workplace or work activity be needed to accommodate for your illness or health problem?,"1 - Yes  
2 - No

8 - Don't know 
9 - Refusal 
",New,NA,NA,NA,NA,NA,NA,NA,NA,NA,NA,NA,NA,NA,NA,NA,NA,NA,NA,NA,NA,NA,NA
Psychological well-being,Q87a,"Please indicate for each of the five statements which is the closest to how you have been feeling over the last two weeks.
A - I have felt cheerful and in good spirits","1 - All of the time 
2 - Most of the time 
3 - More than half of the time 
4 - Less than half of the time 
5 - Some of the time 
6 - At no time 

8 - DK 
9 - Refusal",Trend 2010,EF4.a,Please indicate for each of the five statements which is the closest to how you have been feeling over the last two weeks. I have felt cheerful and in good spirits,"1 - All of the time 
2 - Most of the time 
3 - More than half of the time 
4 - Less than half of the time 
5 - Some of the time 
6 - At no time 

8 - DK 
9 - Refusal",NA,NA,NA,NA,NA,NA,NA,NA,NA,NA,NA,NA,NA,NA,NA,NA,NA,NA,NA
Psychological well-being,Q87b,"Please indicate for each of the five statements which is the closest to how you have been feeling over the last two weeks.
B - I have felt calm and relaxed","1 - All of the time 
2 - Most of the time 
3 - More than half of the time 
4 - Less than half of the time 
5 - Some of the time 
6 - At no time 

8 - DK 
9 - Refusal",Trend 2011,EF4.b,Please indicate for each of the five statements which is the closest to how you have been feeling over the last two weeks. I have felt calm and relaxed,"1 - All of the time 
2 - Most of the time 
3 - More than half of the time 
4 - Less than half of the time 
5 - Some of the time 
6 - At no time 

8 - DK 
9 - Refusal",NA,NA,NA,NA,NA,NA,NA,NA,NA,NA,NA,NA,NA,NA,NA,NA,NA,NA,NA
Psychological well-being,Q87c,"Please indicate for each of the five statements which is the closest to how you have been feeling over the last two weeks.
C - I have felt active and vigorous","1 - All of the time 
2 - Most of the time 
3 - More than half of the time 
4 - Less than half of the time 
5 - Some of the time 
6 - At no time 

8 - DK 
9 - Refusal",Trend 2012,EF4.c,Please indicate for each of the five statements which is the closest to how you have been feeling over the last two weeks. I have felt active and vigorous,"1 - All of the time 
2 - Most of the time 
3 - More than half of the time 
4 - Less than half of the time 
5 - Some of the time 
6 - At no time 

8 - DK 
9 - Refusal",NA,NA,NA,NA,NA,NA,NA,NA,NA,NA,NA,NA,NA,NA,NA,NA,NA,NA,NA
Psychological well-being,Q87d,"Please indicate for each of the five statements which is the closest to how you have been feeling over the last two weeks.
D - I woke up feeling fresh and rested","1 - All of the time 
2 - Most of the time 
3 - More than half of the time 
4 - Less than half of the time 
5 - Some of the time 
6 - At no time 

8 - DK 
9 - Refusal",Trend 2013,EF4.d,Please indicate for each of the five statements which is the closest to how you have been feeling over the last two weeks. I woke up feeling fresh and rested,"1 - All of the time 
2 - Most of the time 
3 - More than half of the time 
4 - Less than half of the time 
5 - Some of the time 
6 - At no time 

8 - DK 
9 - Refusal",NA,NA,NA,NA,NA,NA,NA,NA,NA,NA,NA,NA,NA,NA,NA,NA,NA,NA,NA
Psychological well-being,Q87e,"Please indicate for each of the five statements which is the closest to how you have been feeling over the last two weeks.
E - My daily life has been filled with things that interest me","1 - All of the time 
2 - Most of the time 
3 - More than half of the time 
4 - Less than half of the time 
5 - Some of the time 
6 - At no time 

8 - DK 
9 - Refusal",Trend 2014,EF4.e,Please indicate for each of the five statements which is the closest to how you have been feeling over the last two weeks. My daily life has been filled with things that interest me,"1 - All of the time 
2 - Most of the time 
3 - More than half of the time 
4 - Less than half of the time 
5 - Some of the time 
6 - At no time 

8 - DK 
9 - Refusal",NA,NA,NA,NA,NA,NA,NA,NA,NA,NA,NA,NA,NA,NA,NA,NA,NA,NA,NA
Work satisfaction,Q88,"The following questions are about your job in general again. 
On the whole, are you very satisfied, satisfied, not very satisfied or not at all satisfied with working conditions in your main paid job?","1 - Very satisfied 
2 - Satisfied 
3 - Not very satisfied 
4 - Not at all satisfied

8 - DK/no opinion (spontaneous)
9 - Refusal (spontaneous)",Trend 2000/95,Q76,"On the whole, are you very satisfied, satisfied, not very satisfied or not at all satisfied with working conditions in your main paid job?","1 - Very satisfied 
2 - Satisfied 
3 - Not very satisfied 
4 - Not at all satisfied

8 - DK/no opinion (spontaneous)
9 - Refusal (spontaneous)",Q36,"On the whole, are you very satisfied, satisfied, not very satisfied or not at all satisfied with working conditions in your main paid job?","1 - Very satisfied 
2 - Satisfied 
3 - Not very satisfied 
4 - Not at all satisfied

8 - DK/no opinion (spontaneous)
9 - Refusal (spontaneous)",Q34,"On the whole, are you very satisfied, fairly satisfied, not very satisfied or not at all satisfied with working conditions in your main paid job?","1 - Very satisfied  
2 - Fairly satisfied  
3 - Not very satisfied  
4 - Not at all satisfied  

5 - DK",Q38,"On the whole, are you very satisfied, fairly satisfied, not very satisfied or not at all satisfied with working conditions in your main paid job?","1 - Very satisfied  
2 - Fairly satisfied  
3 - Not very satisfied  
4 - Not at all satisfied  

5 - DK",Q36,Q36,Q36,"On the whole, are yon satisfied, fairly satisfied, not very satisfied or not at all satisfied with your main job?","1 - Very satisfied  
2 - Fairly satisfied  
3 - Not very satisfied  
4 - Not at all satisfied  

5 - DK",NA,NA,NA,NA,NA
Job security (well paid),Q89a,"To what extent do you agree or disagree with the following statements about your job?
A - Considering all my efforts and achievements in my job, I feel I get paid appropriately","1 - Strongly agree 
2 - Tend to agree
3 - Neither agree nor disagree 
4 - Tend to disagree
5 - Strongly disagree 

7 - Not applicable (spontaneous) 
8 - DK (spontaneous) 
9 - Refusal (spontaneous)","Modified Trend, changed wording & codes",Q77.b,How much do you agree or disagree with the following statements describing some aspects of your job? I am well paid for the work I do,"1 - Strongly disagree 
2 - Disagree
3 - Neither agree nor disagree 
4 - Agree
5 - Strongly agree 

7 - Not applicable (spontaneous) 
8 - DK (spontaneous) 
9 - Refusal (spontaneous)",Q37.b,How much do you agree or disagree with the following statements describing some aspects of your job? I am well paid for the work I do,"1 - Strongly disagree 
2 - Disagree
3 - Neither agree nor disagree 
4 - Agree
5 - Strongly agree 

8 - DK (spontaneous) 
9 - Refusal (spontaneous)",NA,NA,NA,NA,NA,NA,NA,NA,NA,NA,NA,NA,NA,NA,NA,NA
Job security (career advancement),Q89b,"To what extent do you agree or disagree with the following statements about your job?
B - My job offers good prospects for career advancement","1 - Strongly agree 
2 - Tend to agree
3 - Neither agree nor disagree 
4 - Tend to disagree
5 - Strongly disagree 

7 - Not applicable (spontaneous) 
8 - DK (spontaneous) 
9 - Refusal (spontaneous)","Modified Trend, changed codes",Q77.c,How much do you agree or disagree with the following statements describing some aspects of your job? My job offers good prospects for career advancement,"1 - Strongly disagree 
2 - Disagree
3 - Neither agree nor disagree 
4 - Agree
5 - Strongly agree 

7 - Not applicable (spontaneous) 
8 - DK (spontaneous) 
9 - Refusal (spontaneous)",Q37.c,How much do you agree or disagree with the following statements describing some aspects of your job? My job offers good prospects for career advancement,"1 - Strongly disagree 
2 - Disagree
3 - Neither agree nor disagree 
4 - Agree
5 - Strongly agree 

8 - DK (spontaneous) 
9 - Refusal (spontaneous)",NA,NA,NA,NA,NA,NA,NA,NA,NA,NA,NA,NA,NA,NA,NA,NA
Social environment (Recognition),Q89c,"To what extent do you agree or disagree with the following statements about your job?
C - I receive the recognition I deserve for my work","1 - Strongly agree 
2 - Tend to agree
3 - Neither agree nor disagree 
4 - Tend to disagree
5 - Strongly disagree 

7 - Not applicable (spontaneous) 
8 - DK (spontaneous) 
9 - Refusal (spontaneous)",New,NA,NA,NA,NA,NA,NA,NA,NA,NA,NA,NA,NA,NA,NA,NA,NA,NA,NA,NA,NA,NA,NA
"
Social environment (Social relationships)",Q89d,"To what extent do you agree or disagree with the following statements about your job?
D - I generally get on well with my work colleagues","1 - Strongly agree 
2 - Tend to agree
3 - Neither agree nor disagree 
4 - Tend to disagree
5 - Strongly disagree 

7 - Not applicable (spontaneous) 
8 - DK (spontaneous) 
9 - Refusal (spontaneous)",New,NA,NA,NA,NA,NA,NA,NA,NA,NA,NA,NA,NA,NA,NA,NA,NA,NA,NA,NA,NA,NA,NA
Job security (motivating),Q89e,"To what extent do you agree or disagree with the following statements about your job?
E - The organisation I work for motivates me to give my best job performance","1 - Strongly agree 
2 - Tend to agree
3 - Neither agree nor disagree 
4 - Tend to disagree
5 - Strongly disagree 

7 - Not applicable (spontaneous) 
8 - DK (spontaneous) 
9 - Refusal (spontaneous)","Modified Trend, changed codes",Q77.g,How much do you agree or disagree with the following statements describing some aspects of your job? The organisation I work for motivates me to give my best job performance,"1 - Strongly disagree 
2 - Disagree
3 - Neither agree nor disagree 
4 - Agree
5 - Strongly agree 

7 - Not applicable (spontaneous) 
8 - DK (spontaneous) 
9 - Refusal (spontaneous)",NA,NA,NA,NA,NA,NA,NA,NA,NA,NA,NA,NA,NA,NA,NA,NA,NA,NA,NA
Work-life reconciliation,Q89f,"To what extent do you agree or disagree with the following statements about your job?
F - I get on better with my children because I have a job","1 - Strongly agree 
2 - Tend to agree
3 - Neither agree nor disagree 
4 - Tend to disagree
5 - Strongly disagree 

7 - Not applicable (spontaneous) 
8 - DK (spontaneous) 
9 - Refusal (spontaneous)",NEW (Source: Finnish QWLS),NA,NA,NA,NA,NA,NA,NA,NA,NA,NA,NA,NA,NA,NA,NA,NA,NA,NA,NA,NA,NA,NA
Job security (lose job),Q89g,"To what extent do you agree or disagree with the following statements about your job?
G - I might lose my job in the next 6 months","1 - Strongly agree 
2 - Tend to agree
3 - Neither agree nor disagree 
4 - Tend to disagree
5 - Strongly disagree 

7 - Not applicable (spontaneous) 
8 - DK (spontaneous) 
9 - Refusal (spontaneous)","Modified Trend, codes changed",Q77.a,How much do you agree or disagree with the following statements describing some aspects of your job? I might lose my job in the next 6 months,"1 - Strongly disagree 
2 - Disagree
3 - Neither agree nor disagree 
4 - Agree
5 - Strongly agree 

7 - Not applicable (spontaneous) 
8 - DK (spontaneous) 
9 - Refusal (spontaneous)",Q37.a,How much do you agree or disagree with the following statements describing some aspects of your job? I might lose my job in the next 6 months,"1 - Strongly disagree 
2 - Disagree
3 - Neither agree nor disagree 
4 - Agree
5 - Strongly agree 

8 - DK (spontaneous) 
9 - Refusal (spontaneous)",NA,NA,NA,NA,NA,NA,Q20.6,Q20.6,q20f,For each of the following statements please answer Yes or No You have a secure job,"1 - Yes
2 - No

3 - DK (spontaneous)",NA,NA,NA,NA,NA
Job security (easy to find similar job),Q89h,"To what extent do you agree or disagree with the following statements about your job?
H - If I were to lose or quit my current job, it would be easy for me to find a job of similar salary","1 - Strongly agree 
2 - Tend to agree
3 - Neither agree nor disagree 
4 - Tend to disagree
5 - Strongly disagree 

7 - Not applicable (spontaneous) 
8 - DK (spontaneous) 
9 - Refusal (spontaneous)","Modified Trend 2010, changed codes",Q77.f,"How much do you agree or disagree with the following statements describing some aspects of your job? If I were to lose or quit my current job, it would be easy for me to find a job of similar salary","1 - Strongly disagree 
2 - Disagree
3 - Neither agree nor disagree 
4 - Agree
5 - Strongly agree 

7 - Not applicable (spontaneous) 
8 - DK (spontaneous) 
9 - Refusal (spontaneous)",NA,NA,NA,NA,NA,NA,NA,NA,NA,NA,NA,NA,NA,NA,NA,NA,NA,NA,NA
job engagement (energy),Q90a,"The following statements are about how you feel about your job. For each statement, please tell me how often you feel this way..
A - At my work I feel full of energy","1 - Always
2 - Often
3 - Sometimes
4 - Rarely
5 - Never

8 - Don't know
9 - Refusal",New,NA,NA,NA,NA,NA,NA,NA,NA,NA,NA,NA,NA,NA,NA,NA,NA,NA,NA,NA,NA,NA,NA
job engagement (enthusiasm),Q90b,"The following statements are about how you feel about your job. For each statement, please tell me how often you feel this way..
B - I am enthusiastic about my job","1 - Always
2 - Often
3 - Sometimes
4 - Rarely
5 - Never

8 - Don't know
9 - Refusal",New,NA,NA,NA,NA,NA,NA,NA,NA,NA,NA,NA,NA,NA,NA,NA,NA,NA,NA,NA,NA,NA,NA
job engagement (time flies),Q90c,"The following statements are about how you feel about your job. For each statement, please tell me how often you feel this way..
C - Time flies when I am working","1 - Always
2 - Often
3 - Sometimes
4 - Rarely
5 - Never

8 - Don't know
9 - Refusal",New,NA,NA,NA,NA,NA,NA,NA,NA,NA,NA,NA,NA,NA,NA,NA,NA,NA,NA,NA,NA,NA,NA
job engagement (exhausting),Q90d,"The following statements are about how you feel about your job. For each statement, please tell me how often you feel this way..
D - I feel exhausted at the end of the working day","1 - Always
2 - Often
3 - Sometimes
4 - Rarely
5 - Never

8 - Don't know
9 - Refusal",New,NA,NA,NA,NA,NA,NA,NA,NA,NA,NA,NA,NA,NA,NA,NA,NA,NA,NA,NA,NA,NA,NA
job engagement (doubt importance),Q90e,"The following statements are about how you feel about your job. For each statement, please tell me how often you feel this way..
E - I doubt the importance of my work","1 - Always
2 - Often
3 - Sometimes
4 - Rarely
5 - Never

8 - Don't know
9 - Refusal",New,NA,NA,NA,NA,NA,NA,NA,NA,NA,NA,NA,NA,NA,NA,NA,NA,NA,NA,NA,NA,NA,NA
job engagement (good at job),Q90f,"The following statements are about how you feel about your job. For each statement, please tell me how often you feel this way..
F - In my opinion, I am good at my job","1 - Always
2 - Often
3 - Sometimes
4 - Rarely
5 - Never

8 - Don't know
9 - Refusal",New,NA,NA,NA,NA,NA,NA,NA,NA,NA,NA,NA,NA,NA,NA,NA,NA,NA,NA,NA,NA,NA,NA
Self-employed (security),q91a,"To what extent you agree or disagree with the following statements? 
A - If I had a long term sickness, I would be financially secure","1 - Strongly agree
2 - Tend to agree
3 - Neither agree nor disagree
4 - Tend to disagree
5 - Strongly disagree

7 - Not applicable (spontaneous)
8 - Don't know
9 - Refusal","Modified Trend, codes changed",EF12.a,"Do you agree with the following statements? If I had a long term sickness, I would be financially secure","1 - Yes
2 - No

8 - DK (spontaneous)
9 - Refusal (spontaneous)",NA,NA,NA,NA,NA,NA,NA,NA,NA,NA,NA,NA,NA,NA,NA,NA,NA,NA,NA
Self-employed (enjoy),Q91b,"To what extent you agree or disagree with the following statements? 
B - I enjoy being my own boss","1 - Strongly agree
2 - Tend to agree
3 - Neither agree nor disagree
4 - Tend to disagree
5 - Strongly disagree

7 - Not applicable (spontaneous)
8 - Don't know
9 - Refusal","Modified Trend, codes changed",EF12.b,Do you agree with the following statements? I enjoy being my own boss,"1 - Yes
2 - No

8 - DK (spontaneous)
9 - Refusal (spontaneous)",NA,NA,NA,NA,NA,NA,NA,NA,NA,NA,NA,NA,NA,NA,NA,NA,NA,NA,NA
Self-employed,Q91c,"To what extent you agree or disagree with the following statements? 
C - It is easy for me to find new customers","1 - Strongly agree
2 - Tend to agree
3 - Neither agree nor disagree
4 - Tend to disagree
5 - Strongly disagree

7 - Not applicable (spontaneous)
8 - Don't know
9 - Refusal","Modified Trend, codes changed",NA,NA,NA,NA,NA,NA,NA,NA,NA,NA,NA,NA,NA,NA,NA,NA,NA,NA,NA,NA,NA,NA
Self-employed,Q91d,"To what extent you agree or disagree with the following statements? 
D - I find it hard bearing the responsibility of running my business","1 - Strongly agree
2 - Tend to agree
3 - Neither agree nor disagree
4 - Tend to disagree
5 - Strongly disagree

7 - Not applicable (spontaneous)
8 - Don't know
9 - Refusal","Modified Trend, codes changed",NA,NA,NA,NA,NA,NA,NA,NA,NA,NA,NA,NA,NA,NA,NA,NA,NA,NA,NA,NA,NA,NA
Self-employed,Q91e,"To what extent you agree or disagree with the following statements? 
E - I make the most important decisions on how the business is run","1 - Strongly agree
2 - Tend to agree
3 - Neither agree nor disagree
4 - Tend to disagree
5 - Strongly disagree

7 - Not applicable (spontaneous)
8 - Don't know
9 - Refusal","Modified Trend, codes changed",NA,NA,NA,NA,NA,NA,NA,NA,NA,NA,NA,NA,NA,NA,NA,NA,NA,NA,NA,NA,NA,NA
Work intention (age),Q92,Until what age do you want to work?,"Age : 
666 - as late as possible (spontaneous)

7. Not relevant (spontaneous)
8 - DK (spontaneous)
9 - Refusal (spontaneous)",New,NA,NA,NA,NA,NA,NA,NA,NA,NA,NA,NA,NA,NA,NA,NA,NA,NA,NA,NA,NA,NA,NA
Work sustainability (60),Q93,[IF Q2b <= 55 or Q2b = missing] Do you think you will be able to do you current job or a similar one until you are 60 year old? [IF Q2b >55] Do you think you will be able to do your current job or a similar one in five years' time?,"1 - Yes
2 - No

8 - DK (spontaneous)
9 - Refusal (spontaneous)",New,NA,NA,NA,NA,NA,NA,NA,NA,NA,NA,NA,NA,NA,NA,NA,NA,NA,NA,NA,NA,NA,NA
Work sustainability (over 60),Q94,[IF Q93 = 1] Until what age do you think you will be able to do your current job or a similar one?,"………………….. Years

555 - As soon as possible (spontaneous)
666 - As late as possible (spontaneous)
777 - Never (spontaneous)
888 - DK (spontaneous)
999 - Refusal (spontaneous)",New,NA,NA,NA,NA,NA,NA,NA,NA,NA,NA,NA,NA,NA,NA,NA,NA,NA,NA,NA,NA,NA,NA
Unpaid work (voluntary work),Q95a,"The following questions are about your activities outside work.
In general, how often are you involved in any of the following activities outside work?
A - Voluntary or charitable activity","1-Daily 
2-Several times a week
3-Several times a month
4-Less often
5-Never

7- Not applicable
8 - DK 
9 - Refusal","Modified Trend, changed codes",EF2.a,"In general, how often are you involved in any of the following activities outside work? Voluntary or charitable activity","1 - Everyday for 1 hour or more 
2 - Everyday or every second day for less than 1 hour 
3 - Once or twice a week 
4 - Once or twice a month 
5 - Once or twice a year 
6 - Never 

8 - DK 
9 - Refusal",EF4.a,How often are you involved in any of the following activities outside work: Voluntary or charitable activity,"1 - Everyday for 1 hour or more 
2 - Everyday or every second day for less than 1 hour 
3 - Once or twice a week 
4 - Once or twice a month 
5 - Once or twice a year 
6 - Never 

7 - NA
8 - DK 
9 - Refusal",EF20.1,How often are you involved in any of the following activities outside work? Voluntary or charitable activity,"1 - Everyday for 1 hour or more 
2 - Everyday or every second day for less than 1 hour 
3 - Once or twice a week 
4 - Once or twice a month 
5 - Once or twice a year 
6 - Never 

7 - NA",EF20.1,How often are you involved in any of the following activities outside work? Voluntary or charitable activity,"1 - Everyday for 1 hour or more 
2 - Everyday or every second day for less than 1 hour 
3 - Once or twice a week 
4 - Once or twice a month 
5 - Once or twice a year 
6 - Never 

7 - NA",NA,NA,NA,NA,NA,NA,NA,NA,NA,NA
Unpaid work (political/trade union),Q95b,"The following questions are about your activities outside work.
In general, how often are you involved in any of the following activities outside work?
B - Political/trade union activity","1-Daily 
2-Several times a week
3-Several times a month
4-Less often
5-Never

7- Not applicable
8 - DK 
9 - Refusal","Modified Trend, changed codes",EF2.b,"In general, how often are you involved in any of the following activities outside work? Political/trade union activity","1 - Everyday for 1 hour or more 
2 - Everyday or every second day for less than 1 hour 
3 - Once or twice a week 
4 - Once or twice a month 
5 - Once or twice a year 
6 - Never 

8 - DK 
9 - Refusal",EF4.b,How often are you involved in any of the following activities outside work: Political/trade union activity,"1 - Everyday for 1 hour or more 
2 - Everyday or every second day for less than 1 hour 
3 - Once or twice a week 
4 - Once or twice a month 
5 - Once or twice a year 
6 - Never 

7 - NA
8 - DK 
9 - Refusal",EF20.2,How often are you involved in any of the following activities outside work? Political/trade union activity,"1 - Everyday for 1 hour or more 
2 - Everyday or every second day for less than 1 hour 
3 - Once or twice a week 
4 - Once or twice a month 
5 - Once or twice a year 
6 - Never 

7 - NA",EF20.2,How often are you involved in any of the following activities outside work? Political/trade union activity,"1 - Everyday for 1 hour or more 
2 - Everyday or every second day for less than 1 hour 
3 - Once or twice a week 
4 - Once or twice a month 
5 - Once or twice a year 
6 - Never 

7 - NA",NA,NA,NA,NA,NA,NA,NA,NA,NA,NA
Unpaid work (caring for (grand)children),Q95c,"The following questions are about your activities outside work.
In general, how often are you involved in any of the following activities outside work?
C - Caring for and/or educating your children, grandchildren","1-Daily 
2-Several times a week
3-Several times a month
4-Less often
5-Never

7- Not applicable
8 - DK 
9 - Refusal","Modified Trend, changed codes",EF2.c,"In general, how often are you involved in any of the following activities outside work? Caring for and educating your children, grandchildren","1 - Everyday for 1 hour or more 
2 - Everyday or every second day for less than 1 hour 
3 - Once or twice a week 
4 - Once or twice a month 
5 - Once or twice a year 
6 - Never 

7 - Not applicable 
8 - DK 
9 - Refusal",EF4.c,How often are you involved in any of the following activities outside work: Caring for and educating your children,"1 - Everyday for 1 hour or more 
2 - Everyday or every second day for less than 1 hour 
3 - Once or twice a week 
4 - Once or twice a month 
5 - Once or twice a year 
6 - Never 

7 - NA
8 - DK 
9 - Refusal",EF20.3,How often are you involved in any of the following activities outside work? Caring for and educating your children,"1 - Everyday for 1 hour or more 
2 - Everyday or every second day for less than 1 hour 
3 - Once or twice a week 
4 - Once or twice a month 
5 - Once or twice a year 
6 - Never 

7 - NA",EF20.3,How often are you involved in any of the following activities outside work? Caring for and educating your children,"1 - Everyday for 1 hour or more 
2 - Everyday or every second day for less than 1 hour 
3 - Once or twice a week 
4 - Once or twice a month 
5 - Once or twice a year 
6 - Never 

7 - NA",NA,NA,NA,NA,NA,NA,NA,NA,NA,NA
Unpaid work (cooking and housework),Q95d,"The following questions are about your activities outside work.
In general, how often are you involved in any of the following activities outside work?
D - Cooking and housework","1-Daily 
2-Several times a week
3-Several times a month
4-Less often
5-Never

7- Not applicable
8 - DK 
9 - Refusal","Modified Trend, changed codes",EF2.d,"In general, how often are you involved in any of the following activities outside work? Cooking and housework","1 - Everyday for 1 hour or more 
2 - Everyday or every second day for less than 1 hour 
3 - Once or twice a week 
4 - Once or twice a month 
5 - Once or twice a year 
6 - Never 

8 - DK 
9 - Refusal",EF4.d,How often are you involved in any of the following activities outside work: Cooking and housework,"1 - Everyday for 1 hour or more 
2 - Everyday or every second day for less than 1 hour 
3 - Once or twice a week 
4 - Once or twice a month 
5 - Once or twice a year 
6 - Never 

7 - NA
8 - DK 
9 - Refusal",EF20.4-5,How often are you involved in any of the following activities outside work? 4) Cooking. 5) Housework,"1 - Everyday for 1 hour or more 
2 - Everyday or every second day for less than 1 hour 
3 - Once or twice a week 
4 - Once or twice a month 
5 - Once or twice a year 
6 - Never 

7 - NA",EF20.4-5,How often are you involved in any of the following activities outside work? 4) Cooking. 5) Housework,"1 - Everyday for 1 hour or more 
2 - Everyday or every second day for less than 1 hour 
3 - Once or twice a week 
4 - Once or twice a month 
5 - Once or twice a year 
6 - Never 

7 - NA",NA,NA,NA,NA,NA,NA,NA,NA,NA,NA
Unpaid work (caring for relatives),Q95e,"The following questions are about your activities outside work.
In general, how often are you involved in any of the following activities outside work?
E - Caring for elderly/disabled relatives","1-Daily 
2-Several times a week
3-Several times a month
4-Less often
5-Never

7- Not applicable
8 - DK 
9 - Refusal","Modified Trend, changed codes",EF2.e,"In general, how often are you involved in any of the following activities outside work? Caring for elderly/disabled relatives","1 - Everyday for 1 hour or more 
2 - Everyday or every second day for less than 1 hour 
3 - Once or twice a week 
4 - Once or twice a month 
5 - Once or twice a year 
6 - Never 

7 - Not applicable 
8 - DK 
9 - Refusal",EF4.e,How often are you involved in any of the following activities outside work: Caring for elderly/disabled relatives,"1 - Everyday for 1 hour or more 
2 - Everyday or every second day for less than 1 hour 
3 - Once or twice a week 
4 - Once or twice a month 
5 - Once or twice a year 
6 - Never 

7 - NA
8 - DK 
9 - Refusal",EF20.6,How often are you involved in any of the following activities outside work? Caring for elderly/disabled relatives,"1 - Everyday for 1 hour or more 
2 - Everyday or every second day for less than 1 hour 
3 - Once or twice a week 
4 - Once or twice a month 
5 - Once or twice a year 
6 - Never 

7 - NA",EF20.6,How often are you involved in any of the following activities outside work? Caring for elderly/disabled relatives,"1 - Everyday for 1 hour or more 
2 - Everyday or every second day for less than 1 hour 
3 - Once or twice a week 
4 - Once or twice a month 
5 - Once or twice a year 
6 - Never 

7 - NA",NA,NA,NA,NA,NA,NA,NA,NA,NA,NA
Unpaid work (training/education),Q95f,"The following questions are about your activities outside work.
In general, how often are you involved in any of the following activities outside work?
F - Taking a training or education course","1-Daily 
2-Several times a week
3-Several times a month
4-Less often
5-Never

7- Not applicable
8 - DK 
9 - Refusal","Modified Trend, changed codes",EF2.f,"In general, how often are you involved in any of the following activities outside work? Taking a training or education course","1 - Everyday for 1 hour or more 
2 - Everyday or every second day for less than 1 hour 
3 - Once or twice a week 
4 - Once or twice a month 
5 - Once or twice a year 
6 - Never 

8 - DK 
9 - Refusal",EF4.f,How often are you involved in any of the following activities outside work: Taking a training or education course,"1 - Everyday for 1 hour or more 
2 - Everyday or every second day for less than 1 hour 
3 - Once or twice a week 
4 - Once or twice a month 
5 - Once or twice a year 
6 - Never 

7 - NA
8 - DK 
9 - Refusal",EF20.7,How often are you involved in any of the following activities outside work? Taking a training or education course,"1 - Everyday for 1 hour or more 
2 - Everyday or every second day for less than 1 hour 
3 - Once or twice a week 
4 - Once or twice a month 
5 - Once or twice a year 
6 - Never 

7 - NA",EF20.7,How often are you involved in any of the following activities outside work? Taking a training or education course,"1 - Everyday for 1 hour or more 
2 - Everyday or every second day for less than 1 hour 
3 - Once or twice a week 
4 - Once or twice a month 
5 - Once or twice a year 
6 - Never 

7 - NA",NA,NA,NA,NA,NA,NA,NA,NA,NA,NA
"Unpaid work (sports, culture, leisure)",Q95g,"The following questions are about your activities outside work.
In general, how often are you involved in any of the following activities outside work?
G - Sporting, cultural or leisure activity outside your home","1-Daily 
2-Several times a week
3-Several times a month
4-Less often
5-Never

7- Not applicable
8 - DK 
9 - Refusal","Modified Trend, changed codes",EF2.g,"In general, how often are you involved in any of the following activities outside work? Sporting, cultural or leisure activity outside your home","1 - Everyday for 1 hour or more 
2 - Everyday or every second day for less than 1 hour 
3 - Once or twice a week 
4 - Once or twice a month 
5 - Once or twice a year 
6 - Never 

8 - DK 
9 - Refusal",EF4.g,"How often are you involved in any of the following activities outside work: Sporting, cultural or leisure activity outside your home","1 - Everyday for 1 hour or more 
2 - Everyday or every second day for less than 1 hour 
3 - Once or twice a week 
4 - Once or twice a month 
5 - Once or twice a year 
6 - Never 

7 - NA
8 - DK 
9 - Refusal",EF20.8-10,How often are you involved in any of the following activities outside work? 8) Sporting activity. 9) Cultural activity. 10) Leisure activity,"1 - Everyday for 1 hour or more 
2 - Everyday or every second day for less than 1 hour 
3 - Once or twice a week 
4 - Once or twice a month 
5 - Once or twice a year 
6 - Never 

7 - NA",EF20.8-10,How often are you involved in any of the following activities outside work? 8) Sporting activity. 9) Cultural activity. 10) Leisure activity,"1 - Everyday for 1 hour or more 
2 - Everyday or every second day for less than 1 hour 
3 - Once or twice a week 
4 - Once or twice a month 
5 - Once or twice a year 
6 - Never 

7 - NA",NA,NA,NA,NA,NA,NA,NA,NA,NA,NA
Unpaid work (voluntary work) / # of hours,Q96a,"On average, how many hours per day do you spend in the activity”
A - Voluntary or charitable activity","# Number of hours 

88 - DK 
99 - Refusal",Modified Trend,EF3.a,How many hours per day are you involved in any of the following activities outside work?  Voluntary or charitable activity,"# Number of hours 

88 - DK 
99 - Refusal",EF4.1.a,How many hours per day are you involved in any of the following activities outside work?: Voluntary or charitable activity,"# Number of hours 

88 - DK 
99 - Refusal",NA,NA,NA,NA,NA,NA,NA,NA,NA,NA,NA,NA,NA,NA,NA,NA
Unpaid work (political/trade union) / # of hours,Q96b,"On average, how many hours per day do you spend in the activity”
B - Political/trade union activity","# Number of hours 

88 - DK 
99 - Refusal",Modified Trend,EF3.b,How many hours per day are you involved in any of the following activities outside work?  Political/trade union activity,"# Number of hours 

88 - DK 
99 - Refusal",EF4.1.b,How many hours per day are you involved in any of the following activities outside work?: Political/trade union activity,"# Number of hours 

88 - DK 
99 - Refusal",NA,NA,NA,NA,NA,NA,NA,NA,NA,NA,NA,NA,NA,NA,NA,NA
Unpaid work (caring for (grand)children) / # of hours,Q96c,"On average, how many hours per day do you spend in the activity”
C - Caring for and/or educating your children, grandchildren","# Number of hours 

88 - DK 
99 - Refusal",Modified Trend,EF3.c,"How many hours per day are you involved in any of the following activities outside work?  Caring for and educating your children, grandchildren","# Number of hours 

88 - DK 
99 - Refusal",EF4.1.c,How many hours per day are you involved in any of the following activities outside work?: Caring for and educating your children,"# Number of hours 

88 - DK 
99 - Refusal",NA,NA,NA,NA,NA,NA,NA,NA,NA,NA,NA,NA,NA,NA,NA,NA
Unpaid work (cooking and housework) / # of hours,Q96d,"On average, how many hours per day do you spend in the activity”
D - Cooking and housework","# Number of hours 

88 - DK 
99 - Refusal",Modified Trend,EF3.d,How many hours per day are you involved in any of the following activities outside work?  Cooking and housework,"# Number of hours 

88 - DK 
99 - Refusal",EF4.1.d,How many hours per day are you involved in any of the following activities outside work?: Cooking and housework,"# Number of hours 

88 - DK 
99 - Refusal",NA,NA,NA,NA,NA,NA,NA,NA,NA,NA,NA,NA,NA,NA,NA,NA
Unpaid work (caring for relatives) / # of hours,Q96e,"On average, how many hours per day do you spend in the activity”
E - Caring for elderly/disabled relatives","# Number of hours 

88 - DK 
99 - Refusal",Modified Trend,EF3.e,How many hours per day are you involved in any of the following activities outside work?  Caring for elderly/disabled relatives,"# Number of hours 

88 - DK 
99 - Refusal",EF4.1.e,How many hours per day are you involved in any of the following activities outside work?: Caring for elderly/disabled relatives,"# Number of hours 

88 - DK 
99 - Refusal",NA,NA,NA,NA,NA,NA,NA,NA,NA,NA,NA,NA,NA,NA,NA,NA
Unpaid work (training/education) / # of hours,Q96f,"On average, how many hours per day do you spend in the activity”
F - Taking a training or education course","# Number of hours 

88 - DK 
99 - Refusal",Modified Trend,EF3.f,How many hours per day are you involved in any of the following activities outside work?  Taking a training or education course,"# Number of hours 

88 - DK 
99 - Refusal",EF4.1.f,How many hours per day are you involved in any of the following activities outside work?: Taking a training or education course,"# Number of hours 

88 - DK 
99 - Refusal",NA,NA,NA,NA,NA,NA,NA,NA,NA,NA,NA,NA,NA,NA,NA,NA
"Unpaid work (sports, culture, leisure) / # of hours",Q96g,"On average, how many hours per day do you spend in the activity”
G - Sporting, cultural or leisure activity outside your home","# Number of hours 

88 - DK 
99 - Refusal",Modified Trend,EF3.g,"How many hours per day are you involved in any of the following activities outside work?  Sporting, cultural or leisure activity outside your home","# Number of hours 

88 - DK 
99 - Refusal",EF4.1.g,"How many hours per day are you involved in any of the following activities outside work?: Sporting, cultural or leisure activity outside your home","# Number of hours 

88 - DK 
99 - Refusal",NA,NA,NA,NA,NA,NA,NA,NA,NA,NA,NA,NA,NA,NA,NA,NA
Partner working time (normal),Q97,You mentioned that your partner lives in this household. How many hours does your partner normally work per week including any paid or unpaid overtime,"Number of hours per week : ……………………  

88 - DK 
99 - Refusal",New (EQLS),NA,NA,NA,NA,NA,NA,NA,NA,NA,NA,NA,NA,NA,NA,NA,NA,NA,NA,NA,NA,NA,NA
Partner working time (preffered),Q98,How many hours would you prefer your partner to work?,"Number of hours per week : ……………………  


88 - DK 
99 - Refusal",New,NA,NA,NA,NA,NA,NA,NA,NA,NA,NA,NA,NA,NA,NA,NA,NA,NA,NA,NA,NA,NA,NA
Position in household (financial),Q99,"The following questions are about your education and your income. 

Are you, in your household, the person who contributes the most to the household income?","1 - Yes
2 - No
3 - All equally (SPONTANEOUS) 

8 - DK/no opinion (spontaneous)
9 - Refusal (spontaneous)",Trend 95,EF5,"Are you, in your household, the person who contributes the most to the household income","1 - Yes
2 - No
3 - All equally (SPONTANEOUS) 

8 - DK/no opinion (spontaneous)
9 - Refusal (spontaneous)",EF3,"Are you, in your household, the person who contributes most to the household income?","1 - Yes
2 - No
3 - Both equally (SPONTANEOUS) 

8 - DK/no opinion (spontaneous)
9 - Refusal (spontaneous)",EF19,"Are you, in your household, the person who contributes most in the household income?","1 - Yes  
2 - No  
3 - Both equally (SPONTANEOUS)  

4 - DK",EF19.B,Are you …? In your household the person who contributes most to the household income,"1 - Yes  
2 - No  

3 - DK",D19B,Q41.B,EF3,Are you in your household? the person who contributes most to the household income,"1 - Yes  
2 - No  

3 - DK",NA,NA,NA,NA,NA
Household income,Q100,"A household may have different sources of income and more than one household member may contribute to it. Thinking of your household’s total monthly income, is your household able to make ends meet…?","1 - Very easily
2 - Easily
3 - Fairly easily
4 - With some difficulty
5 - With difficulty
6 - With great difficulty 

8 - DK/no opinion (spontaneous)
9 - Refusal (spontaneous)",Trend 2010 EQLS,EF6,"Thinking of your household’s total monthly income, is your household able to make ends meet…?","1 - Very easily
2 - Easily
3 - Fairly easily
4 - With some difficulty
5 - With difficulty
6 - With great difficulty 

8 - DK/no opinion (spontaneous)
9 - Refusal (spontaneous)",NA,NA,NA,NA,NA,NA,NA,NA,NA,NA,NA,NA,NA,NA,NA,NA,NA,NA,NA
Payment - employee (fixed),Q101a,"Thinking about your earnings from your main job, what do they include?
A - Basic fixed salary/wage","1 - Mentioned 
2 - Not mentioned 

8 - DK 
9 - Refusal",Modified Trend,EF7.a,"thinking about your earnings from your main job, what do they include? Basic fixed salary/wage","1 - Mentioned 
2 - Not mentioned 

8 - DK 
9 - Refusal",EF6.a,What does your remuneration include? Basic fixed salary/wage,"1 - Mentioned 
2 - Not mentioned 

8 - DK 
9 - Refusal",EF22.1,What does your remuneration include? Basic fixed salary/wage,"1 - Mentioned 
2 - Not mentioned 

9 - DK",EF22.1,What does your remuneration include? Basic fixed salary/wage,"1 - Mentioned 
2 - Not mentioned 

9 - DK",Q11.1,Q11.1,EF6.a,What does your remuneration include? Basic fixed salary/wage,"1 - Mentioned 
2 - Not mentioned 

9 - DK",NA,NA,NA,NA,NA
Payment - employee (piece rate),Q101b,"Thinking about your earnings from your main job, what do they include?
B - Piece rate or productivity payments","1 - Mentioned 
2 - Not mentioned 

8 - DK 
9 - Refusal",Modified Trend,EF7.b,"thinking about your earnings from your main job, what do they include? Piece rate or productivity payments","1 - Mentioned 
2 - Not mentioned 

8 - DK 
9 - Refusal",EF6.b,What does your remuneration include? Piece rate or productivity payments,"1 - Mentioned 
2 - Not mentioned 

8 - DK 
9 - Refusal",EF22.2,What does your remuneration include? Piece rate or productivity payments,"1 - Mentioned 
2 - Not mentioned 

9 - DK",EF22.2,What does your remuneration include? Piece rate or productivity payments,"1 - Mentioned 
2 - Not mentioned 

9 - DK",Q11.2,Q11.2,EF6.b,What does your remuneration include? Piece rate or productivity payments,"1 - Mentioned 
2 - Not mentioned 

9 - DK",A14,Q15,ef6b,Do your wages or income depend on your work rate?,"1 - Yes  
2 - No  

3 - DK"
Payment - employee (overtime),Q101c,"Thinking about your earnings from your main job, what do they include?
C - Extra payments for additional hours of work/overtime","1 - Mentioned 
2 - Not mentioned 

8 - DK 
9 - Refusal",Modified Trend,EF7.c,"thinking about your earnings from your main job, what do they include? Extra payments for additional hours of work/overtime","1 - Mentioned 
2 - Not mentioned 

8 - DK 
9 - Refusal",EF6.c,What does your remuneration include? Extra payments for additional hours of work/overtime,"1 - Mentioned 
2 - Not mentioned 

8 - DK 
9 - Refusal",EF22.3,What does your remuneration include? Extra payments for additional hours of work/overtime,"1 - Mentioned 
2 - Not mentioned 

9 - DK",EF22.3,What does your remuneration include? Extra payments for additional hours of work/overtime,"1 - Mentioned 
2 - Not mentioned 

9 - DK",Q11.3,Q11.3,EF6.c,What does your remuneration include? Extra payments for additional hours of work,"1 - Mentioned 
2 - Not mentioned 

9 - DK",NA,NA,NA,NA,NA
Payment - employee (dangerous/bad),Q101d,"Thinking about your earnings from your main job, what do they include?
D - Extra payments compensating for bad or dangerous working conditions","1 - Mentioned 
2 - Not mentioned 

8 - DK 
9 - Refusal",Modified Trend,EF7.d,"thinking about your earnings from your main job, what do they include? Extra payments compensating for bad or dangerous working conditions","1 - Mentioned 
2 - Not mentioned 

8 - DK 
9 - Refusal",EF6.d,What does your remuneration include? Extra payments compensating for bad or dangerous working conditions,"1 - Mentioned 
2 - Not mentioned 

8 - DK 
9 - Refusal",EF22.4,What does your remuneration include? Extra payments compensating for bad or dangerous working conditions,"1 - Mentioned 
2 - Not mentioned 

9 - DK",EF22.4,What does your remuneration include? Extra payments compensating for bad or dangerous working conditions,"1 - Mentioned 
2 - Not mentioned 

9 - DK",Q11.5,Q11.5,EF6.d,What does your remuneration include? Extra payments compensating for poor working conditions,"1 - Mentioned 
2 - Not mentioned 

9 - DK",NA,NA,NA,NA,NA
Payment - employee (Sunday),Q101e,"Thinking about your earnings from your main job, what do they include?
E - Extra payments compensating for Sunday work","1 - Mentioned 
2 - Not mentioned 

8 - DK 
9 - Refusal",Modified Trend,EF7.e,"thinking about your earnings from your main job, what do they include? Extra payments compensating for Sunday work","1 - Mentioned 
2 - Not mentioned 

8 - DK 
9 - Refusal",EF6.e,What does your remuneration include? Extra payments compensating for Sunday work,"1 - Mentioned 
2 - Not mentioned 

8 - DK 
9 - Refusal",EF22.5,What does your remuneration include? Extra payments compensating for Sunday work,"1 - Mentioned 
2 - Not mentioned 

9 - DK",EF22.5,What does your remuneration include? Extra payments compensating for Sunday work,"1 - Mentioned 
2 - Not mentioned 

9 - DK",Q11.4,Q11.4,EF6.e,"What does your remuneration include? Extra payments compensating for special working hours, such as night work, weekend work","1 - Mentioned 
2 - Not mentioned 

9 - DK",NA,NA,NA,NA,NA
Payment - employee (individual performance),Q101f,"Thinking about your earnings from your main job, what do they include?
F - Payments based on your individual performance","1 - Mentioned 
2 - Not mentioned 

8 - DK 
9 - Refusal",New,NA,NA,NA,NA,NA,NA,NA,NA,NA,NA,NA,NA,NA,NA,NA,NA,NA,NA,NA,NA,NA,NA
Payment - employee (team performance),Q101g,"Thinking about your earnings from your main job, what do they include?
G -  Payments based on the performance of your team / working group / department","1 - Mentioned 
2 - Not mentioned 

8 - DK 
9 - Refusal",Modified Trend,EF7.f,"thinking about your earnings from your main job, what do they include? Other extra payments","1 - Mentioned 
2 - Not mentioned 

8 - DK 
9 - Refusal",EF6.f,What does your remuneration include? Other extra payments,"1 - Mentioned 
2 - Not mentioned 

8 - DK 
9 - Refusal",EF22.6,What does your remuneration include? Other extra payments,"1 - Mentioned 
2 - Not mentioned 

9 - DK",EF22.6,What does your remuneration include? Other extra payments,"1 - Mentioned 
2 - Not mentioned 

9 - DK",NA,NA,NA,NA,NA,NA,NA,NA,NA,NA
Payment - employee (company performance),Q101h,"Thinking about your earnings from your main job, what do they include?
H - Payments based on the overall performance of the company (profit sharing scheme) where you work","1 - Mentioned 
2 - Not mentioned 

8 - DK 
9 - Refusal",Modified Trend,EF7.g,"thinking about your earnings from your main job, what do they include? Payments based on the overall performance of the company (profit sharing scheme) where you work","1 - Mentioned 
2 - Not mentioned 

8 - DK 
9 - Refusal",EF6.g,What does your remuneration include? Payments based on the overall performance of the company (profit sharing scheme) where you work,"1 - Mentioned 
2 - Not mentioned 

8 - DK 
9 - Refusal",EF22.7,What does your remuneration include? Payments based on the overall performance of the company (profit sharing scheme) where you work,"1 - Mentioned 
2 - Not mentioned 

9 - DK",EF22.7,What does your remuneration include? Payments based on the overall performance of the company (profit sharing scheme) where you work,"1 - Mentioned 
2 - Not mentioned 

9 - DK",NA,NA,NA,NA,NA,NA,NA,NA,NA,NA
Payment - employee (shares),Q101i,"Thinking about your earnings from your main job, what do they include?
I - Income from shares in the company your work for","1 - Mentioned 
2 - Not mentioned 

8 - DK 
9 - Refusal",Modified Trend,EF7.i,"thinking about your earnings from your main job, what do they include? Income from shares in the company your work for","1 - Mentioned 
2 - Not mentioned 

8 - DK 
9 - Refusal",EF6.i,What does your remuneration include? Income from shares in the company your work for,"1 - Mentioned 
2 - Not mentioned 

8 - DK 
9 - Refusal",EF22.9,What does your remuneration include? Income from shares in the company your work for,"1 - Mentioned 
2 - Not mentioned 

9 - DK",EF22.9,What does your remuneration include? Income from shares in the company your work for,"1 - Mentioned 
2 - Not mentioned 

9 - DK",NA,NA,NA,NA,NA,NA,NA,NA,NA,NA
Payment - employee (other advantages),Q101j,"Thinking about your earnings from your main job, what do they include?
J- Advantages of other nature (for instance medical services, access to shops, etc.)","1 - Mentioned 
2 - Not mentioned 

8 - DK 
9 - Refusal",Modified Trend,EF7.j,"thinking about your earnings from your main job, what do they include? Advantages of other nature (for instance medical services, access to shops, etc.)","1 - Mentioned 
2 - Not mentioned 

8 - DK 
9 - Refusal",EF6.j,"What does your remuneration include? Advantages of other nature (for instance medical services, access to shops, etc.)","1 - Mentioned 
2 - Not mentioned 

8 - DK 
9 - Refusal",EF22.10,"What does your remuneration include? Advantages of other nature (for instance medical services, access to shops, etc.)","1 - Mentioned 
2 - Not mentioned 

9 - DK",NA,NA,NA,NA,NA,NA,NA,NA,NA,NA,NA,NA,NA
Payment - employee (other),Q101k,"Thinking about your earnings from your main job, what do they include?
K- Other (SPONTANEOUS)","1 - Mentioned 
2 - Not mentioned 

8 - DK 
9 - Refusal",Modified Trend,EF7.k,"thinking about your earnings from your main job, what do they include? Other","1 - Mentioned 
2 - Not mentioned 

8 - DK 
9 - Refusal",EF6.k,What does your remuneration include? Other,"1 - Mentioned 
2 - Not mentioned 

8 - DK 
9 - Refusal",EF22.11,What does your remuneration include? Other,"1 - Mentioned 
2 - Not mentioned 

9 - DK",EF22.10,What does your remuneration include? Other,"1 - Mentioned 
2 - Not mentioned 

9 - DK",Q11.6,Q11.6,EF6.k,What does your remuneration include? Other,"1 - Mentioned 
2 - Not mentioned 

9 - DK",NA,NA,NA,NA,NA
Payment self-employed (one client),Q102,What proportion of revenue do you receive from your most important client?,"1 - Less than 50 per cent
2 - 50 to 75 per cent
3 - More than 75 per cent
 
8 - DK/no opinion (spontaneous)
9 - Refusal (spontaneous)","Trend 2010, codes changed",EF8,What proportion of revenue do you receive from your most important client?,"1 - Less than 50 percent
2 - 51 to 75 percent
3 - More than 75 percent
 
8 - DK/no opinion (spontaneous)
9 - Refusal (spontaneous)",NA,NA,NA,NA,NA,NA,NA,NA,NA,NA,NA,NA,NA,NA,NA,NA,NA,NA,NA
Payment self-employed (wages),Q103a,"What do your earnings from your main business include?
A - Income from self-employment such as own business, profession or farm","1 - Mentioned 
2 - Not mentioned 

8 - DK 
9 - Refusal",Modified Trend 2010,EF9.a,"What do your earnings from your main business include? Income from self-employment such as own business, profession or farm","1 - Mentioned 
2 - Not mentioned 

8 - DK 
9 - Refusal",EF7.a,"What does your remuneration include? Income from self-employment such as own business, profession or farm","1 - Mentioned 
2 - Not mentioned 

8 - DK 
9 - Refusal",EF23.1,"What does your remuneration include? Income from self-employment such as own business, profession or farm","1 - Mentioned 
2 - Not mentioned 

9 - DK",EF23.1,"What does your remuneration include? Income from self-employment such as own business, profession or farm","1 - Mentioned 
2 - Not mentioned 

9 - DK",Q11.1,Q11.1,q11c1,What does your remuneration include? Basic fixed salary/wage,"1 - Mentioned 
2 - Not mentioned 

9 - DK",NA,NA,NA,NA,NA
Payment self-employed (performance),Q103b,"What do your earnings from your main business include?
B - Payments based on the overall performance of the company (profit sharing scheme) or partnership where you work","1 - Mentioned 
2 - Not mentioned 

8 - DK 
9 - Refusal",Modified Trend 2011,EF9.b,What do your earnings from your main business include? Payments based on the overall performance of the company (profit sharing scheme) or partnership where you work,"1 - Mentioned 
2 - Not mentioned 

8 - DK 
9 - Refusal",EF7.b,What does your remuneration include? Payments based on the overall performance of the company (profit sharing scheme) where you work,"1 - Mentioned 
2 - Not mentioned 

8 - DK 
9 - Refusal",EF23.2,What does your remuneration include? Payments based on the overall performance of the company (profit sharing scheme) where you work,"1 - Mentioned 
2 - Not mentioned 

9 - DK",EF23.2,What does your remuneration include? Payments based on the overall performance of the company (profit sharing scheme) where you work,"1 - Mentioned 
2 - Not mentioned 

9 - DK",NA,NA,NA,NA,NA,NA,NA,NA,NA,NA
Payment self-employed (shares),Q103c,"What do your earnings from your main business include?
C - Income from shares in the company you work for","1 - Mentioned 
2 - Not mentioned 

8 - DK 
9 - Refusal",Modified Trend 2012,EF9.c,What do your earnings from your main business include? Income from shares in the company you work for,"1 - Mentioned 
2 - Not mentioned 

8 - DK 
9 - Refusal",EF7.d,What does your remuneration include? Income from shares in the company your work for,"1 - Mentioned 
2 - Not mentioned 

8 - DK 
9 - Refusal",EF23.4,What does your remuneration include? Income from shares in the company your work for,"1 - Mentioned 
2 - Not mentioned 

9 - DK",EF23.4,What does your remuneration include? Income from shares in the company your work for,"1 - Mentioned 
2 - Not mentioned 

9 - DK",NA,NA,NA,NA,NA,NA,NA,NA,NA,NA
Payment self-employed (other),Q103d,"What do your earnings from your main business include?
D - Other (SPONTANEOUS)","1 - Mentioned 
2 - Not mentioned 

8 - DK 
9 - Refusal",Modified Trend 2013,EF9.d,What do your earnings from your main business include? Other,"1 - Mentioned 
2 - Not mentioned 

8 - DK 
9 - Refusal",EF7.e,What does your remuneration include? Other,"1 - Mentioned 
2 - Not mentioned 

8 - DK 
9 - Refusal",EF23.5,What does your remuneration include? Other,"1 - Mentioned 
2 - Not mentioned 

9 - DK",EF23.5,What does your remuneration include? Other,"1 - Mentioned 
2 - Not mentioned 

9 - DK",Q11.6,Q11.6,q11c6,What does your remuneration include? Other,"1 - Mentioned 
2 - Not mentioned 

9 - DK",NA,NA,NA,NA,NA
Income (continuous),Q104,"Please can you tell us how much are your NET monthly earnings from your main paid job? Please refer to the average earnings in the recent months. If you don’t know the exact figure, please give an estimate.","# Net monthly earnings from the main job in national currency

88888888 - DK (spontaneous) 
99999999 - Refusal (spontaneous)",Modifed Trend,EF10,Please can you tell us how much are your net monthly earnings from your main paid job?,"# Net monthly earnings from the main job in national currency

88888888 - DK (spontaneous) 
99999999 - Refusal (spontaneous)",NA,NA,NA,NA,NA,NA,NA,NA,NA,NA,NA,NA,NA,NA,NA,NA,NA,NA,NA
Income (categorical),Q105,"Perhaps you can provide the approximate range instead. What letter best matches your total net earnings from your main job (SHOW CARD EF11)? Use the part of the show card that you know best: weekly, monthly or annual earnings .","1 = D
2 = B
3 = I
4 = 0
5 = T
6 = G
7 = P
8 = A
9 = F
10 = E
11 = Q
12 = H
13 = C
14 = L
15 = N
16 = R
17 = M
18 = S
19 =K
20 =U
21 =V

22 - Refusal
23 - DK",Trend 2010,EF11,"Perhaps you can provide the approximate range instead. What letter best matches your total net earnings from your main job (SHOW CARD EF11)? Use the part of the show card that you know best: weekly, monthly or annual earnings.","1 = D
2 = B
3 = I
4 = 0
5 = T
6 = G
7 = P
8 = A
9 = F
10 = E
11 = Q
12 = H
13 = C
14 = L
15 = N
16 = R
17 = M
18 = S
19 =K
20 =U
21 =V

22 - Refusal
23 - DK",EF5,"Presently, what is on average your net monthly income from your main paid job?","01 - A
02 - B
03 - C
04 - D
05 - E
06 - F
07 - G
08 - H
09 - I
10 - J
11 - K
12 - L

88 - DK/no opinion (spontaneous)
99 - Refusal (spontaneous)",EF21,"Presently, what is on average your net monthly income from your main paid job?","1 - B  
2 - T  
3 - P  
4 - F  
5 - E  
6 - H  
7 - L  
8 - N  
9 - R  
10 - M  
11 - S  
12 - K  

13 - Refusal  
14 - DK",EF21,What is on average your net monthly income from your main paid job at present?,"1 - B  
2 - T  
3 - P  
4 - F  
5 - E  
6 - H  
7 - L  
8 - N  
9 - R  
10 - M  
11 - S  
12 - K  

13 - Refusal  
14 - DK",NA,NA,NA,NA,NA,D16,-,d16,"Here is an income scale; we would like to know in what group your family is, counting all wages, salaries, child
allowances, pensions and any other income that comes in. Just give me the letter of the group your household falls into
before tax and other deductions.","1 - A
2 - B
3 - C
4 - D
5 - E
6 - F
7 - G
8 - H
9 - I
10 - J
11 - K
12 - L

13 - Refusal
14 - DK"
Education,Q106,What is the highest level of education or training that you have successfully completed  ?,"1 - No education 
2 - Primary education (ISCED 1)
3 - Lower secondary education (ISCED 2)
4 - Upper secondary education (ISCED 3)
5 - Post-secondary including pre-vocational or vocational education but not tertiary (ISCED 4)
6 - Tertiary education - first level (ISCED 5)
7 - Tertiary education - advanced level (ISCED 6)

8 - DK (spontaneous)
9 - Refusal (spontaneous)",Modified Trend,EF1,What is the highest level of education or training that you have successfully completed?,"1 - No education 
2 - Primary education (ISCED 1)
3 - Lower secondary education (ISCED 2)
4 - Upper secondary education (ISCED 3)
5 - Post-secondary including pre-vocational or vocational education but not tertiary (ISCED 4)
6 - Tertiary education - first level (ISCED 5)
7 - Tertiary education - advanced level (ISCED 6)

9 - Refusal (spontaneous)",EF1,What is the highest level of education or training that you have successfully completed?,"1 - No education 
2 - Primary education(ISCED 1)
3 - Lower secondary education(ISCED 2)
4 - Upper secondary education (ISCED 3)
5 - Post-secondary including pre-vocational or vocational education but not tertiary (ISCED 4)
6 - Tertiary education - first level (ISCED 5)
7 - Tertiary education - advanced level (ISCED 6)

9 - Refusal (spontaneous)",NA,NA,NA,NA,NA,NA,NA,NA,NA,NA,NA,NA,NA,NA,NA,NA
Follow-up interview,P13,Thank you for participating in the sixth European Foundation Working Conditions Survey. Eurofound may conduct a small number of follow-up interviews (maximum length: one hour) in the next year. Would you be willing to pariticpate in such a follow-up interview?,"1 - Yes
2 - No",Modified Trend,P14,Thank you for participating in the fifth European Working Conditions Survey. Eurofound may conduct a small number of follow-up interviews (length: maximum one hour) with respondents in the next year. Would you be willing to pariticpate in such a follow-up interview?,"1 - Yes
2 - No",NA,NA,NA,NA,NA,NA,NA,NA,NA,NA,NA,NA,NA,NA,NA,NA,NA,NA,NA
Household grid / Work last week,NA,NA,NA,NA,HH3.e,Even those who do not have a job may do some work sometimes. Did this person work last week? An hour of paid work is enough to answer yes.,"1 - yes
2 - no

8 - DK/No opinion (spontaneous)
9 - Refusal (spontaneous)",NA,NA,NA,NA,NA,NA,NA,NA,NA,NA,NA,NA,NA,NA,NA,NA,NA,NA,NA
Education,NA,NA,NA,NA,Q5,How old were you when you stopped full-time education?,"# Age

77 - still studying, without interruption
88 - DK/no opinion (spontaneous)
99 - Refusal (spontaneous)",Q2b,How old were you when you stopped full-time education?,"# Age:  

77 - if still studying
99 - Refusal (spontaneous)",EF8,How old were you when you stopped full-time education ?,"# Age:  

00 - if still studying",NA,NA,NA,D8,Q38,Q2b,How old were yon when you stopped full-time education?,"# Age:  

77 - if still studying
99 - Refusal (spontaneous)",D11,-,q2b,How old were you when you finished your full-time education ?,"1 - up to 14 years
2 - 15 years
3 - 16 years
4 - 17 years
5 - 18 years
6 - 19 years
7 - 20 years
8 - 21 years
9 - 22 years and older

10 - still studying"
Self-employment (hire employees),NA,NA,NA,NA,Q6_1c,"Regarding your business, do you agree with the following statements C. If my workload requires I could hire employees who work for me","1 - Yes
2 - No

8 - DK/no opinion (spontaneous)
9 - Refusal (spontaneous)",NA,NA,NA,NA,NA,NA,NA,NA,NA,NA,NA,NA,NA,NA,NA,NA,NA,NA,NA
Self-employment (decisions),NA,NA,NA,NA,Q6_1d,"Regarding your business, do you agree with the following statements D. I make the most important decisions on how to run my business","1 - Yes
2 - No

8 - DK/no opinion (spontaneous)
9 - Refusal (spontaneous)",NA,NA,NA,NA,NA,NA,NA,NA,NA,NA,NA,NA,NA,NA,NA,NA,NA,NA,NA
Activity before current job,NA,NA,NA,NA,Q13,"Immediately before this job, in your main activity were you?","1 - employed with an indefinite contract
2 - employed with a fixed term contract
3 - employed with a temporary employment agency contract
4 - self-employed
5 - unemployed
6 -in education or training 
7 - other 

8 - DK/no opinion (spontaneous)
9 - Refusal (spontaneous)",NA,NA,NA,NA,NA,NA,NA,NA,NA,NA,NA,NA,NA,NA,NA,NA,NA,NA,NA
Changes in work situation (technology),NA,NA,NA,NA,Q15a,During the last 3 years have the following changes occurred at your current workplace which affected your immediate working environment? A. New processes or technologies were introduced,"1 - Yes
2 - No

8 - DK/no opinion (spontaneous)
9 - Refusal (spontaneous)",NA,NA,NA,NA,NA,NA,NA,NA,NA,NA,NA,NA,NA,NA,NA,NA,NA,NA,NA
Ergonomic issues (standing),NA,NA,NA,NA,Q24.d,"Please tell me, using the same scale, does your main paid job involve ...? Standing","1 - All of the time 
2 - Almost all of the time 
3 - Around ¾ of the time 
4 - Around half of the time 
5 - Around ¼ of the time 
6 - Almost never 
7 - Never 

8 - DK 
9 - Refusal",Q11.d,"Please tell me, using the same scale, does your main paid job involve ...? Standing or walking","1 - All of the time 
2 - Almost all of the time 
3 - Around ¾ of the time 
4 - Around half of the time 
5 - Around ¼ of the time 
6 - Almost never 
7 - Never 

8 - DK 
9 - Refusal",NA,NA,NA,NA,NA,NA,NA,NA,NA,NA,NA,NA,NA,NA,NA,NA
Ergonomic issues (internet/email),NA,NA,NA,NA,Q24.i,"Please tell me, using the same scale, does your main paid job involve ...? Using internet / email for professional purposes","1 - All of the time 
2 - Almost all of the time 
3 - Around ¾ of the time 
4 - Around half of the time 
5 - Around ¼ of the time 
6 - Almost never 
7 - Never 

8 - DK 
9 - Refusal",Q11.l,"Please tell me, using the same scale, does your main paid job involve ...? Using internet / email for professional purposes","1 - All of the time 
2 - Almost all of the time 
3 - Around ¾ of the time 
4 - Around half of the time 
5 - Around ¼ of the time 
6 - Almost never 
7 - Never 

8 - DK 
9 - Refusal",NA,NA,NA,NA,NA,NA,NA,NA,NA,NA,NA,NA,NA,NA,NA,NA
Place of work,NA,NA,NA,NA,Q26,Where is your main place of work?,"1 - My employers’ /my own business’ premises (office, factory, shop, school, etc.) 
2 - Clients’ premises 
3 - A car or another vehicle
4 - An outside site (construction site, agricultural field, streets of a city) 
5 - My own home
6 - Other 

8 - DK/no opinion (spontaneous)
9 - Refusal (spontaneous)",NA,NA,NA,NA,NA,NA,NA,NA,NA,NA,NA,NA,NA,NA,NA,NA,NA,NA,NA
Place of work,NA,NA,NA,NA,Q27.f,You mentioned  that your main place of work is [ANSWER IN Q26].  Have you worked in any other location in the past 3 months? Other,"1 - Yes
2 - No

8 - DK/no opinion (spontaneous)
9 - Refusal (spontaneous)",NA,NA,NA,NA,NA,NA,NA,NA,NA,NA,NA,NA,NA,NA,NA,NA,NA,NA,NA
Working time (evening),NA,NA,NA,NA,Q33,"And how many times a month do you work in the evening, for at least 2 hours between 6.00 pm and 10.00 pm?","# Number of evenings per month

00 - Never
88 - DK/no opinion (spontaneous)
99 - Refusal (spontaneous)",Q14b,"And how many times a month do you work in the evening, for at least 2 hours between 6.00 pm and 10.00 pm?","# Number of evenings per month

00 - never
88 - DK/no opinion (spontaneous)
99 - Refusal (spontaneous)",Q13b,"And how many times a month do you work in the evening, for at least 2 hours between 6.00 pm and 10.00 pm?","# Number of evenings per month

00 - never
99 - DK/no opinion (spontaneous)",Q16b,"And how many times a month do you work in the evening, for at least 2 hours between 6.00 pm and 10.00 pm?","# Number of evenings per month

00 - never
99 - DK/no opinion (spontaneous)",NA,NA,NA,NA,NA,NA,NA,NA,NA,NA
Work schedule (on call),NA,NA,NA,NA,Q37E,Do you work...? On call,"1 - Yes
2 - No

8 - DK/no opinion (spontaneous)
9 - Refusal (spontaneous)",NA,NA,NA,NA,NA,NA,NA,NA,NA,NA,NA,NA,NA,NA,NA,NA,NA,NA,NA
Consequences of mistakes (injury),NA,NA,NA,NA,Q52.A,"If you make mistakes in your work, could it cause … Physical injury to other people?","1 - Always 
2 - Most of the time 
3 - Sometimes 
4 - Rarely 
5 - Never 

8 - DK 
9 - Refusal",NA,NA,NA,NA,NA,NA,NA,NA,NA,NA,NA,NA,NA,NA,NA,NA,NA,NA,NA
Consequences of mistakes (loss),NA,NA,NA,NA,Q52.B,"If you make mistakes in your work, could it cause … Financial loss to your company?","1 - Always 
2 - Most of the time 
3 - Sometimes 
4 - Rarely 
5 - Never 

8 - DK 
9 - Refusal",NA,NA,NA,NA,NA,NA,NA,NA,NA,NA,NA,NA,NA,NA,NA,NA,NA,NA,NA
Supervisor (resolving conflicts),NA,NA,NA,NA,Q58.C,"In general, your immediate manager / supervisor …. Is good at resolving conflicts","1 - Yes
2 - No

8 - DK/no opinion (spontaneous)
9 - Refusal (spontaneous)",NA,NA,NA,NA,NA,NA,NA,NA,NA,NA,NA,NA,NA,NA,NA,NA,NA,NA,NA
Supervisor (planning and organising),NA,NA,NA,NA,Q58.D,"In general, your immediate manager / supervisor …. Is good at planning and organising the work","1 - Yes
2 - No

8 - DK/no opinion (spontaneous)
9 - Refusal (spontaneous)",NA,NA,NA,NA,NA,NA,NA,NA,NA,NA,NA,NA,NA,NA,NA,NA,NA,NA,NA
Supervisor (encourage participation),NA,NA,NA,NA,Q58.E,"In general, your immediate manager / supervisor …. Encourages you to participate in important decisions","1 - Yes
2 - No

8 - DK/no opinion (spontaneous)
9 - Refusal (spontaneous)",NA,NA,NA,NA,NA,NA,NA,NA,NA,NA,NA,NA,NA,NA,NA,NA,NA,NA,NA
Consultation (assess performance),NA,NA,NA,NA,Q62.a,"Over the past 12 months, have you … ? Been subject to formal assessment of your work performance?","1 - Yes
2 - No

8 - DK (spontaneous)
9 - Refusal (spontaneous)",Q30c,"Over the past 12 months, have you, or not…? Been subject to regular formal assessment of your work performance?","1 - Yes
2 - No

8 - DK (spontaneous)
9 - Refusal (spontaneous)",NA,NA,NA,NA,NA,NA,NA,NA,NA,NA,NA,NA,NA,NA,NA,NA
Consultation (employee representative),NA,NA,NA,NA,Q62.b,"Over the past 12 months, have you … ? Raised work-related problems with an employee representative?","1 - Yes
2 - No

8 - DK (spontaneous)
9 - Refusal (spontaneous)",Q30e,"Over the past 12 months, have you, or not…? Discussed work-related problems with an employee representative?","1 - Yes
2 - No

8 - DK (spontaneous)
9 - Refusal (spontaneous)",NA,NA,NA,NA,NA,NA,q26.5,q26.5,Q30e,"Over the past 12 months, have you, or not ... ? Discussed work-related problems with employee representative","1 - Yes
2 - No

3 - DK (spontaneous)",NA,NA,NA,NA,NA
Existence of employee representative,NA,NA,NA,NA,Q63,At your workplace is there an employee acting as an employee representative?,"1 - Yes
2 - No

8 - DK/no opinion (spontaneous)
9 - Refusal (spontaneous)",NA,NA,NA,NA,NA,NA,NA,NA,NA,NA,NA,NA,NA,NA,NA,NA,NA,NA,NA
Consultation (meetings),NA,NA,NA,NA,Q64,"At your workplace, does management hold meetings in which you can express your views  about what is happening in the organisation ?","1 - Yes
2 - No

8 - DK/no opinion (spontaneous)
9 - Refusal (spontaneous)",NA,NA,NA,NA,NA,NA,NA,NA,NA,NA,NA,NA,NA,NA,NA,NA,NA,NA,NA
Health outcomes (stomach ache),NA,NA,NA,NA,Q69.g,"Over the last 12 months, did you suffer from any of the following health problems? stomach ache","1 - Yes
2 - No

8 - DK (spontaneous)
9 - Refusal (spontaneous)",Q33A.f,How does it affect your health? stomach ache,"1 - Mentioned 
2 - Not mentioned 

8 - DK 
9 - Refusal",Q31.g,"Does your work affect your health, or not? (IF YES) How does it affect your health? Yes, stomach ache","1 - Mentioned 
2 - Not mentioned 

9 - DK",Q35.g,"Does your work affect your health, or not? (IF YES) How does it affect your health? Yes, stomach ache","1 - Mentioned 
2 - Not mentioned 

9 - DK",q34.7,q34.7,q34c07,"Does your work affect your health, or not? (IF YES) how does it affect your health? Yes, stomach ache","1 - Mentioned 
2 - Not mentioned 

9 - DK",NA,NA,NA,NA,NA
Health outcomes (respiratory),NA,NA,NA,NA,Q69.h,"Over the last 12 months, did you suffer from any of the following health problems? respiratory difficulties","1 - Yes
2 - No

8 - DK (spontaneous)
9 - Refusal (spontaneous)",Q33A.h,How does it affect your health? respiratory difficulties,"1 - Mentioned 
2 - Not mentioned 

8 - DK 
9 - Refusal",Q31.k,"Does your work affect your health, or not? (IF YES) How does it affect your health? Yes, respiratory difficulties","1 - Mentioned 
2 - Not mentioned 

9 - DK",Q35.k,"Does your work affect your health, or not? (IF YES) How does it affect your health? Yes, respiratory difficulties","1 - Mentioned 
2 - Not mentioned 

9 - DK",q34.9,q34.9,q34c09,"Does your work affect your health, or not? (IF YES) how does it affect your health? Yes, respiratory difficulties","1 - Mentioned 
2 - Not mentioned 

9 - DK",A7_06,-,a7c06,In which way(s) does your work affect your health ? Breathing difficulties (e.g. lack of air/polluted air/dangerous substances),"1 - Mentioned 
2 - Not mentioned"
Health outcomes (insomnia),NA,NA,NA,NA,Q69.m,"Over the last 12 months, did you suffer from any of the following health problems? Insomnia or general sleep difficulties","1 - Yes
2 - No

8 - DK (spontaneous)
9 - Refusal (spontaneous)",Q33A.m,How does it affect your health? sleeping problems,"1 - Mentioned 
2 - Not mentioned 

8 - DK 
9 - Refusal",Q31.p,"Does your work affect your health, or not? (IF YES) How does it affect your health? Yes, sleeping problems","1 - Mentioned 
2 - Not mentioned 

9 - DK",Q35.p,"Does your work affect your health, or not? (IF YES) How does it affect your health? Yes, sleeping problems","1 - Mentioned 
2 - Not mentioned 

9 - DK",q34.12,q34.12,q34c12,"Does your work affect your health, or not? (IF YES) how does it affect your health? Yes, sleeping problems","1 - Mentioned 
2 - Not mentioned 

9 - DK",NA,NA,NA,NA,NA
Work sustainability,NA,NA,NA,NA,Q75,Do you think you will be able to do the same job you are doing now when you are 60 years old?,"1 - Yes, I think so 
2 - No, I don’t think so 
3 - I wouldn’t want to 

8 - DK/no opinion (spontaneous)
9 - Refusal (spontaneous)",Q35,Do you think you will be able to do the same job you are doing now when you are 60 years old?,"1 - Yes, I think so 
2 - No, I don’t think so 
3 - I wouldn’t want to 

8 - DK/no opinion (spontaneous)
9 - Refusal (spontaneous)",Q33,you think you will be able to do the same job you are doing now when you are 60 years old?,"1 - Yes, I think so  
2 - No, I don’t think so  
3 - I wouldn’t want to  

4 - DK",Q37,Do you think you will be able to do the same job you are doing now when you are 60 years old?,"1 - Yes, I think so  
2 - No, I don’t think so  
3 - I wouldn’t want to  

4 - DK",NA,NA,NA,NA,NA,NA,NA,NA,NA,NA
Job security (at home),NA,NA,NA,NA,Q77.d,How much do you agree or disagree with the following statements describing some aspects of your job? I feel ‘at home’ in this organisation,"1 - Strongly disagree 
2 - Disagree
3 - Neither agree nor disagree 
4 - Agree
5 - Strongly agree 

7 - Not applicable (spontaneous) 
8 - DK (spontaneous) 
9 - Refusal (spontaneous)",Q37.d,How much do you agree or disagree with the following statements describing some aspects of your job? I feel myself ‘at home’ in this organisation,"1 - Strongly disagree 
2 - Disagree
3 - Neither agree nor disagree 
4 - Agree
5 - Strongly agree 

8 - DK (spontaneous) 
9 - Refusal (spontaneous)",NA,NA,NA,NA,NA,NA,NA,NA,NA,NA,NA,NA,NA,NA,NA,NA
Job security (good friends),NA,NA,NA,NA,Q77.e,How much do you agree or disagree with the following statements describing some aspects of your job? I have very good friends at work,"1 - Strongly disagree 
2 - Disagree
3 - Neither agree nor disagree 
4 - Agree
5 - Strongly agree 

7 - Not applicable (spontaneous) 
8 - DK (spontaneous) 
9 - Refusal (spontaneous)",Q37.f,How much do you agree or disagree with the following statements describing some aspects of your job? I have very good friends at work,"1 - Strongly disagree 
2 - Disagree
3 - Neither agree nor disagree 
4 - Agree
5 - Strongly agree 

8 - DK (spontaneous) 
9 - Refusal (spontaneous)",NA,NA,NA,NA,NA,NA,NA,NA,NA,NA,NA,NA,NA,NA,NA,NA
Unpaid work (gardening),NA,NA,NA,NA,EF2.h,"In general, how often are you involved in any of the following activities outside work? gardening and repairs","1 - Everyday for 1 hour or more 
2 - Everyday or every second day for less than 1 hour 
3 - Once or twice a week 
4 - Once or twice a month 
5 - Once or twice a year 
6 - Never 

8 - DK 
9 - Refusal",NA,NA,NA,NA,NA,NA,NA,NA,NA,NA,NA,NA,NA,NA,NA,NA,NA,NA,NA
Unpaid work (gardening),NA,NA,NA,NA,EF3.h,How many hours per day are you involved in any of the following activities outside work?  gardening and repairs,"# Number of hours 

88 - DK 
99 - Refusal",NA,NA,NA,NA,NA,NA,NA,NA,NA,NA,NA,NA,NA,NA,NA,NA,NA,NA,NA
Payment self-employed (profit sharing),NA,NA,NA,NA,EF9_1.a,Thinking about the payments based on the overall performance of the company (profit sharing scheme): Are these payments based on the overall performance of the company calculated according to a predefined formula?,"1 - Yes
2 - No

8 - DK (spontaneous)
9 - Refusal (spontaneous)",EF7B_1,Thinking about the payments based on the overall performance of the company (profit sharing scheme): Are these payments based on the overall performance of the company calculated according to a predefined formula?,"1 - Yes
2 - No

8 - DK (spontaneous)
9 - Refusal (spontaneous)",NA,NA,NA,NA,NA,NA,NA,NA,NA,NA,NA,NA,NA,NA,NA,NA
Payment self-employed (profit sharing),NA,NA,NA,NA,EF9_1.b,Thinking about the payments based on the overall performance of the company (profit sharing scheme): Do you receive these payments on a regular basis?,"1 - Yes
2 - No

8 - DK (spontaneous)
9 - Refusal (spontaneous)",EF7B_2,Thinking about the payments based on the overall performance of the company (profit sharing scheme): … do you receive these payments on a regular basis?,"1 - Yes
2 - No

8 - DK (spontaneous)
9 - Refusal (spontaneous)",NA,NA,NA,NA,NA,NA,NA,NA,NA,NA,NA,NA,NA,NA,NA,NA
Years in employment,NA,NA,NA,NA,NA,NA,NA,Q2c,How many years have you been in paid employment since the age at which you stopped full-time education?,"# Number of years

77 - if still a full time-student
99 - Refusal (spontaneous)",NA,NA,NA,NA,NA,NA,NA,NA,NA,NA,NA,NA,NA,NA,NA,NA
Job hazards (x-ray),NA,NA,NA,NA,NA,NA,NA,Q10.h,"Please tell me, using the following scale, are you exposed at work to ...? Radiation such as X rays, radioactive radiation, welding light, laser beams","1 - All of the time 
2 - Almost all of the time 
3 - Around ¾ of the time 
4 - Around half of the time 
5 - Around ¼ of the time 
6 - Almost never 
7 - Never 

8 - DK 
9 - Refusal",Q8.7,"Please tell me, using the following scale, are you exposed at work to ...? radiation such as X rays, radioactive radiation, welding light, laser beams","1 - All of the time 
2 - Almost all of the time 
3 - Around ¾ of the time 
4 - Around half of the time 
5 - Around ¼ of the time 
6 - Almost never 
7 - Never 

8 - DK",Q11.7,"Please tell me, using the following scale, are you exposed at work to ...? radiation such as X rays, radioactive radiation, welding light, laser beams","1 - All of the time 
2 - Almost all of the time 
3 - Around ¾ of the time 
4 - Around half of the time 
5 - Around ¼ of the time 
6 - Almost never 
7 - Never 

8 - DK",Q14.7,Q14.7,Q10.h,"How often are you exposed at work to each of the following? Radiation such as X rays, radioactive radiation, welding light, laser beams","1 - All of the time 
2 - Almost all of the time 
3 - Around ¾ of the time 
4 - Around half of the time 
5 - Around ¼ of the time 
6 - Almost never 
7 - Never 

8 - DK",NA,NA,NA,NA,NA
Ergonomic issues (at company),NA,NA,NA,NA,NA,NA,NA,Q11.f,"Please tell me, using the same scale, does your main paid job involve ...? Working at company / organisation premise","1 - All of the time 
2 - Almost all of the time 
3 - Around ¾ of the time 
4 - Around half of the time 
5 - Around ¼ of the time 
6 - Almost never 
7 - Never 

8 - DK 
9 - Refusal",NA,NA,NA,NA,NA,NA,NA,NA,NA,NA,NA,NA,NA,NA,NA,NA
Ergonomic issues (teleworking),NA,NA,NA,NA,NA,NA,NA,Q11.g,"Please tell me, using the same scale, does your main paid job involve ...? Teleworking from home with a PC","1 - All of the time 
2 - Almost all of the time 
3 - Around ¾ of the time 
4 - Around half of the time 
5 - Around ¼ of the time 
6 - Almost never 
7 - Never 

8 - DK 
9 - Refusal",Q9.5,"Please tell me, using the same scale, does your main paid job involve ...? teleworking from home with a PC","1 - All of the time 
2 - Almost all of the time 
3 - Around ¾ of the time 
4 - Around half of the time 
5 - Around ¼ of the time 
6 - Almost never 
7 - Never 

8 - DK",Q12.5,"Please tell me, using the same scale, does your main paid job involve ...? teleworking from home with a PC","1 - All of the time 
2 - Almost all of the time 
3 - Around ¾ of the time 
4 - Around half of the time 
5 - Around ¼ of the time 
6 - Almost never 
7 - Never 

8 - DK",NA,NA,NA,NA,NA,NA,NA,NA,NA,NA
Ergonomic issues (at home),NA,NA,NA,NA,NA,NA,NA,Q11.h,"Please tell me, using the same scale, does your main paid job involve ...? Working at home, excluding telework","1 - All of the time 
2 - Almost all of the time 
3 - Around ¾ of the time 
4 - Around half of the time 
5 - Around ¼ of the time 
6 - Almost never 
7 - Never 

8 - DK 
9 - Refusal",Q9.6,"Please tell me, using the same scale, does your main paid job involve ...? working at home (home being your normal workplace), excluding teleworking","1 - All of the time 
2 - Almost all of the time 
3 - Around ¾ of the time 
4 - Around half of the time 
5 - Around ¼ of the time 
6 - Almost never 
7 - Never 

8 - DK",Q12.6,"Please tell me, using the same scale, does your main paid job involve ...? working at home (home being your normal workplace), excluding teleworking","1 - All of the time 
2 - Almost all of the time 
3 - Around ¾ of the time 
4 - Around half of the time 
5 - Around ¼ of the time 
6 - Almost never 
7 - Never 

8 - DK",NA,NA,NA,NA,NA,NA,NA,NA,NA,NA
Ergonomic issues (elsewhere),NA,NA,NA,NA,NA,NA,NA,Q11.i,"Please tell me, using the same scale, does your main paid job involve ...? Working in places other than home or company/ organisation premises, e.g. client’s premises, on the road","1 - All of the time 
2 - Almost all of the time 
3 - Around ¾ of the time 
4 - Around half of the time 
5 - Around ¼ of the time 
6 - Almost never 
7 - Never 

8 - DK 
9 - Refusal",NA,NA,NA,NA,NA,NA,NA,NA,NA,NA,NA,NA,NA,NA,NA,NA
Would like: Part- / Full-time; more /less,NA,NA,NA,NA,NA,NA,NA,Q15b,Would you like to work...?,"1 - Full-time 
2 - More hours but not full-time
3 - The same number of hours
4 - Less hours

8 - DK/no opinion (spontaneous)
9 - Refusal (spontaneous)",Q14b,Would you like to work...?,"1 - More hours  
2 - Less hours  
3 - The same number of hours 

4 - DK",Q17b,Would you like to work...?,"1 - More hours  
2 - Less hours  
3 - The same number of hours 

4 - DK",NA,NA,NA,NA,NA,NA,NA,NA,NA,NA
Contact outside working hours,NA,NA,NA,NA,NA,NA,NA,Q19,"In the past twelve months, have you been contacted, e.g. by email or telephone, in matters concerning your main paid job outside your normal working hours?","1 - Every day 
2 - At least once a week
3 - A couple of times a month
4 - Less often
5 - Never

8 - DK/no opinion (spontaneous)
9 - Refusal (spontaneous)",NA,NA,NA,NA,NA,NA,NA,NA,NA,NA,NA,NA,NA,NA,NA,NA
External Assistance,NA,NA,NA,NA,NA,NA,NA,Q25.c,"For each of the following statements, please select the response which best describes your work situation. You can get external assistance if you ask for it","1 - Almost always 
2 - Often 
3 - Sometimes 
4 - Rarely 
5 - Almost never 

8 - DK 
9 - Refusal",NA,NA,NA,NA,NA,NA,NA,NA,NA,NA,NA,NA,NA,NA,NA,NA
Decide when holidays,NA,NA,NA,NA,NA,NA,NA,Q25.g,"For each of the following statements, please select the response which best describes your work situation. You are free to decide when to take holidays or days off","1 - Almost always 
2 - Often 
3 - Sometimes 
4 - Rarely 
5 - Almost never 

8 - DK 
9 - Refusal",Q23.3,"For each of the following statements, please answer yes or no. You are free to decide when to take holidays or days off","1 - Yes
2 - No

3 - DK (spontaneous)",Q26.3,"For each of the following statements, please answer yes or no. You are free to decide when to take holidays or days off","1 - Yes
2 - No

3 - DK (spontaneous)",Q20.3,Q20.3,q20c,For each of the following statements please answer Yes or No You are free to decide when to take holidays or days off,"1 - Yes
2 - No

3 - DK (spontaneous)",NA,NA,NA,NA,NA
Do best,NA,NA,NA,NA,NA,NA,NA,Q25.h,"For each of the following statements, please select the response which best describes your work situation. At work, you have the opportunity to do what you do best","1 - Almost always 
2 - Often 
3 - Sometimes 
4 - Rarely 
5 - Almost never 

8 - DK 
9 - Refusal",NA,NA,NA,NA,NA,NA,NA,NA,NA,NA,NA,NA,NA,NA,NA,NA
Intellectually demanding,NA,NA,NA,NA,NA,NA,NA,Q25.l,"For each of the following statements, please select the response which best describes your work situation. You find your job intellectually demanding","1 - Almost always 
2 - Often 
3 - Sometimes 
4 - Rarely 
5 - Almost never 

8 - DK 
9 - Refusal",NA,NA,NA,NA,NA,NA,NA,NA,NA,NA,NA,NA,NA,NA,NA,NA
Emotionally demanding,NA,NA,NA,NA,NA,NA,NA,Q25.m,"For each of the following statements, please select the response which best describes your work situation. You find your job emotionally demanding","1 - Almost always 
2 - Often 
3 - Sometimes 
4 - Rarely 
5 - Almost never 

8 - DK 
9 - Refusal",NA,NA,NA,NA,NA,NA,NA,NA,NA,NA,NA,NA,NA,NA,NA,NA
Training (Other on-site),NA,NA,NA,NA,NA,NA,NA,Q28.d,"Over the past 12 months, have you undergone any of the following types of training to improve your skills or not? Other forms of on-site training and learning (e.g. self-learning, on-line tutorials etc)","1 - Yes
2 - No

8 - DK (spontaneous)
9 - Refusal (spontaneous)",NA,NA,NA,NA,NA,NA,NA,NA,NA,NA,NA,NA,NA,NA,NA,NA
Training (Other training),NA,NA,NA,NA,NA,NA,NA,Q28.e,"Over the past 12 months, have you undergone any of the following types of training to improve your skills or not? Other","1 - Yes
2 - No

8 - DK (spontaneous)
9 - Refusal (spontaneous)",NA,NA,NA,NA,NA,NA,NA,NA,NA,NA,NA,NA,NA,NA,NA,NA
Physical violence,NA,NA,NA,NA,NA,NA,NA,Q29.a,"Over the past 12 months, have you or have you not, personally been subjected at work to...? threats of physical violence","1 - Yes
2 - No

8 - DK (spontaneous)
9 - Refusal (spontaneous)",NA,NA,NA,NA,NA,NA,NA,NA,NA,NA,NA,NA,NA,NA,NA,NA
Consultation (work performance),NA,NA,NA,NA,NA,NA,NA,Q30a,"Over the past 12 months, have you, or not…? Had a frank discussion with your boss about your work performance?","1 - Yes
2 - No

8 - DK (spontaneous)
9 - Refusal (spontaneous)",NA,NA,NA,NA,NA,NA,Q26.1,Q26.1,q26a_n,"Over the past 12 months, have you, or not ... ? Had a frank discussion with your boss about your work performance","1 - Yes
2 - No

3 - DK (spontaneous)",NA,NA,NA,NA,NA
Consultation (working conditions / organisation),NA,NA,NA,NA,NA,NA,NA,Q30b,"Over the past 12 months, have you, or not…? Been consulted about changes in the organisation of work and / or your working conditions?","1 - Yes
2 - No

8 - DK (spontaneous)
9 - Refusal (spontaneous)",NA,NA,NA,NA,NA,NA,Q26.2,Q26.2,q26b_n,"Over the past 12 months, have you, or not ... ? Been consulted about changes in the Organisation of work and/or your working conditions","1 - Yes
2 - No

3 - DK (spontaneous)",NA,NA,NA,NA,NA
Consultation (boss),NA,NA,NA,NA,NA,NA,NA,Q30d,"Over the past 12 months, have you, or not…? Discussed work-related problems with your boss?","1 - Yes
2 - No

8 - DK (spontaneous)
9 - Refusal (spontaneous)",NA,NA,NA,NA,NA,NA,Q26.3,Q26.3,Q30d,"Over the past 12 months, have you, or not ... ? Discussed work-related problems with your boss","1 - Yes
2 - No

3 - DK (spontaneous)",NA,NA,NA,NA,NA
Health outcomes (vision),NA,NA,NA,NA,NA,NA,NA,Q33A.b,How does it affect your health? problems with your vision,"1 - Mentioned 
2 - Not mentioned 

8 - DK 
9 - Refusal",Q31.c,"Does your work affect your health, or not? Yes, problems with your vision","1 - Mentioned 
2 - Not mentioned 

9 - DK",Q35.c,"Does your work affect your health, or not? Yes, problems with your vision","1 - Mentioned 
2 - Not mentioned 

9 - DK",Q34.2,Q34.2,q34c03,"Does your work affect your health, or not? Yes, eye problems","1 - Mentioned 
2 - Not mentioned 

9 - DK",A7_01,-,a7c01,"In which way(s) does your work affect your health ? Difficult, tiring for the eyes","1 - Mentioned 
2 - Not mentioned"
Health outcomes (stress),NA,NA,NA,NA,NA,NA,NA,Q33A.k,How does it affect your health? Stress,"1 - Mentioned 
2 - Not mentioned 

8 - DK 
9 - Refusal",Q31.n,"Does your work affect your health, or not? Yes, stress","1 - Mentioned 
2 - Not mentioned 

9 - DK",Q35.n,"Does your work affect your health, or not? Yes, stress","1 - Mentioned 
2 - Not mentioned 

9 - DK",Q34.9,Q34.9,q34c10,"Does your work affect your health, or not? Yes, stress","1 - Mentioned 
2 - Not mentioned 

9 - DK",A7_02,-,a7c02,In which way(s) does your work affect your health ? Stressful,"1 - Mentioned 
2 - Not mentioned"
Health outcomes (allergies),NA,NA,NA,NA,NA,NA,NA,Q33A.n,How does it affect your health? Allergies,"1 - Mentioned 
2 - Not mentioned 

8 - DK 
9 - Refusal",Q31.q,"Does your work affect your health, or not? Yes, allergies","1 - Mentioned 
2 - Not mentioned 

9 - DK",Q35.q,"Does your work affect your health, or not? Yes, allergies","1 - Mentioned 
2 - Not mentioned 

9 - DK",Q34.12,Q34.12,q34c13,"Does your work affect your health, or not? Yes, allergies","1 - Mentioned 
2 - Not mentioned 

9 - DK",NA,NA,NA,NA,NA
Health outcomes (irritability),NA,NA,NA,NA,NA,NA,NA,Q33A.p,How does it affect your health? Irritability,"1 - Mentioned 
2 - Not mentioned 

8 - DK 
9 - Refusal",Q31.s,"Does your work affect your health, or not? Yes, irritability","1 - Mentioned 
2 - Not mentioned 

9 - DK",Q35.s,"Does your work affect your health, or not? Yes, irritability","1 - Mentioned 
2 - Not mentioned 

9 - DK",Q34.15,Q34.15,q34c16,"Does your work affect your health, or not? Yes, irritability","1 - Mentioned 
2 - Not mentioned 

9 - DK",NA,NA,NA,NA,NA
Job security (learn and grow),NA,NA,NA,NA,NA,NA,NA,Q37.e,"How much do you agree or disagree with the following statements describing some aspects of your job? At work, I have opportunities to learn and grow","1 - Strongly disagree 
2 - Disagree
3 - Neither agree nor disagree 
4 - Agree
5 - Strongly agree 

8 - DK (spontaneous) 
9 - Refusal (spontaneous)",NA,NA,NA,NA,NA,NA,NA,NA,NA,NA,NA,NA,NA,NA,NA,NA
Payment - employee (group performance),NA,NA,NA,NA,NA,NA,NA,EF6.h,What does your remuneration include? Payments based on the overall performance of a group,"1 - Mentioned 
2 - Not mentioned 

8 - DK 
9 - Refusal",EF22.8,What does your remuneration include? Payments based on the overall performance of a group,"1 - Mentioned 
2 - Not mentioned 

9 - DK",EF22.8,What does your remuneration include? Payments based on the overall performance of a group,"1 - Mentioned 
2 - Not mentioned 

9 - DK",NA,NA,NA,NA,NA,NA,NA,NA,NA,NA
Payment - employee (group performance),NA,NA,NA,NA,NA,NA,NA,EF7.c,What does your remuneration include? Payments based on the overall performance of a group,"1 - Mentioned 
2 - Not mentioned 

8 - DK 
9 - Refusal",EF23.3,What does your remuneration include? Payments based on the overall performance of a group,"1 - Mentioned 
2 - Not mentioned 

9 - DK",EF23.3,What does your remuneration include? Payments based on the overall performance of a group,"1 - Mentioned 
2 - Not mentioned 

9 - DK",NA,NA,NA,NA,NA,NA,NA,NA,NA,NA
Payment - company performance (predefined),NA,NA,NA,NA,NA,NA,NA,EF6.g_1,Thinking about the payments based on the overall performance of the company (profit sharing scheme): Are the payments  based on the overall performance of the company calculated according to a predefined formula?,"1 - Yes
2 - No

8 - DK (spontaneous)
9 - Refusal (spontaneous)",NA,NA,NA,NA,NA,NA,NA,NA,NA,NA,NA,NA,NA,NA,NA,NA
Payment - company performance (regular),NA,NA,NA,NA,NA,NA,NA,EF6.g_2,Thinking about the payments based on the overall performance of the company (profit sharing scheme): … do you receive these payments on a regular basis?,"1 - Yes
2 - No

8 - DK (spontaneous)
9 - Refusal (spontaneous)",NA,NA,NA,NA,NA,NA,NA,NA,NA,NA,NA,NA,NA,NA,NA,NA
Payment - group performance (predefined),NA,NA,NA,NA,NA,NA,NA,EF6.h_1,Thinking about the payments based on the overall performance of a group: Are the payments based on the overall performance of a group calculated according to a predefined formula?,"1 - Yes
2 - No

8 - DK (spontaneous)
9 - Refusal (spontaneous)",NA,NA,NA,NA,NA,NA,NA,NA,NA,NA,NA,NA,NA,NA,NA,NA
Payment - group performance (regular),NA,NA,NA,NA,NA,NA,NA,EF6.h_2,Thinking about the payments based on the overall performance of a group: … do you receive these payments on a regular basis?,"1 - Yes
2 - No

8 - DK (spontaneous)
9 - Refusal (spontaneous)",NA,NA,NA,NA,NA,NA,NA,NA,NA,NA,NA,NA,NA,NA,NA,NA
Payment - self-employed (predefined),NA,NA,NA,NA,NA,NA,NA,EF7.c_1,Thinking about the payments based on the overall performance of a group: are these payments calculated according to a predefined formula?,"1 - Yes
2 - No

8 - DK (spontaneous)
9 - Refusal (spontaneous)",NA,NA,NA,NA,NA,NA,NA,NA,NA,NA,NA,NA,NA,NA,NA,NA
Payment - self-employed (regular),NA,NA,NA,NA,NA,NA,NA,EF7.c_2,Thinking about the payments based on the overall performance of a group: do you receive these payments on a regular basis?,"1 - Yes
2 - No

8 - DK (spontaneous)
9 - Refusal (spontaneous)",NA,NA,NA,NA,NA,NA,NA,NA,NA,NA,NA,NA,NA,NA,NA,NA
Health outcomes (trauma),NA,NA,NA,NA,NA,NA,NA,NA,NA,NA,Q31.t,"Does your work affect your health, or not? Yes, trauma","1 - Mentioned 
2 - Not mentioned 

9 - DK",Q35.t,"Does your work affect your health, or not? Yes, trauma","1 - Mentioned 
2 - Not mentioned 

9 - DK",NA,NA,NA,NA,NA,NA,NA,NA,NA,NA
Marital status,NA,NA,NA,NA,NA,NA,NA,NA,NA,NA,EF7,Could you give me which corresponds best to your own current situation?,"1 - Married 
2 - Remarried 
3 - Unmarried, currently living with partner 
4 - Unmarried, having never lived with a partner 
5 - Unmarried, having previously lived with a partner, but now on my own 
6 - Divorced 
7 - Separated 
8 - Widowed 

9 - Other (SPONTANEOUS) 
10 - Refusal",EF7,Could you give me the letter which corresponds best to your own current situation?,"1 - Married 
2 - Remarried 
3 - Unmarried, currently living with partner 
4 - Unmarried, having never lived with a partner 
5 - Unmarried, having previously lived with a partner, but now on my own 
6 - Divorced 
7 - Separated 
8 - Widowed 

9 - Other (SPONTANEOUS) 
10 - Refusal",D7,Q37,d7,Are you…?,"1 - Single
2 - Married Living as Married Divorced
3 - Separated
4 - Widowed",D10,-,d10,Are you ... ?,"1 - Single
2 - Married
3 - Living as married
4 - Divorced
5 - Separated
6 - Widowed"
# of children <15 in HH,NA,NA,NA,NA,NA,NA,NA,NA,NA,NA,EF12b,How many children under 15 are currently living at home ?,# Number of children,EF13,How many children under 15 are currently living at home ?,# Number of children,D13,Q40,d13,How many children under 15 are currently living in your household?,# Number of children,D15,-,d15,How many children under 15 living at home ?,"1 - one
2 - 2
3 - 3
4 - 4
5 - 5
6 - 6
7 - 7
8 - 8
9 - 9 and more
10 - none"
# of people with paid job in HH,NA,NA,NA,NA,NA,NA,NA,NA,NA,NA,EF12c,How many people in your household have a paid job?,# Number of people,EF13bis,How many people in your household have a paid job?,# Number of people,NA,NA,NA,NA,NA,NA,NA,NA,NA,NA
# of elderly people in HH,NA,NA,NA,NA,NA,NA,NA,NA,NA,NA,EF12d,How many elderly persons are dependent upon you in your household?,# Number of persons,NA,NA,NA,NA,NA,NA,NA,NA,NA,NA,NA,NA,NA
# of handicapped people in HH,NA,NA,NA,NA,NA,NA,NA,NA,NA,NA,EF12e,How many handicapped persons are dependent upon you in your household?,# Number of persons,NA,NA,NA,NA,NA,NA,NA,NA,NA,NA,NA,NA,NA
Seniority (main job),NA,NA,NA,NA,NA,NA,NA,NA,NA,NA,Q2.b,How many years have you been in this job?,"# Number of years
  
00 - if less than 1 year
99 - DK/no opinion (spontaneous)



# Number of months

99 - DK/no opinion (spontaneous)",Q3.b,How many years have you been your present main job? (IF LESS THAN 1 YEAR) How many months,"# Number of years
  
00 - if less than 1 year
99 - DK/no opinion (spontaneous)



# Number of months

99 - DK/no opinion (spontaneous)",NA,NA,NA,NA,NA,NA,NA,NA,NA,NA
Repetitive tasks (5sec),NA,NA,NA,NA,NA,NA,NA,NA,NA,NA,Q18a.1,"Please tell me, does your job involve short repetitive tasks of less than...? 5 seconds","1 - Yes
2 - No

3 - DK (spontaneous)",Q21a.1,"Please tell me, does your job involve short repetitive tasks of less than...? 5 seconds","1 - Yes
2 - No

3 - DK (spontaneous)",NA,NA,NA,NA,NA,NA,NA,NA,NA,NA
Repetitive tasks (30sec),NA,NA,NA,NA,NA,NA,NA,NA,NA,NA,Q18a.2,"Please tell me, does your job involve short repetitive tasks of less than...? 30 seconds","1 - Yes
2 - No

3 - DK (spontaneous)",Q21a.2,"Please tell me, does your job involve short repetitive tasks of less than...? 30 seconds","1 - Yes
2 - No

3 - DK (spontaneous)",NA,NA,NA,NA,NA,NA,NA,NA,NA,NA
Repetitive tasks (5 minutes),NA,NA,NA,NA,NA,NA,NA,NA,NA,NA,Q18a.4,"Please tell me, does your job involve short repetitive tasks of less than...? 5 minutes","1 - Yes
2 - No

3 - DK (spontaneous)",Q21a.4,"Please tell me, does your job involve short repetitive tasks of less than...? 5 minutes","1 - Yes
2 - No

3 - DK (spontaneous)",NA,NA,NA,NA,NA,NA,NA,NA,NA,NA
Interruptions (nature of work),NA,NA,NA,NA,NA,NA,NA,NA,NA,NA,Q20.b.1,Are these interruptions mainly due to...? the nature of your work,"1 - Mentioned 
2 - Not mentioned 

9 - DK",Q23.b.1,Are these interruptions mainly due to...? the nature of your work,"1 - Mentioned 
2 - Not mentioned 

9 - DK",NA,NA,NA,NA,NA,NA,NA,NA,NA,NA
Interruptions (organisation),NA,NA,NA,NA,NA,NA,NA,NA,NA,NA,Q20.b.2,Are these interruptions mainly due to...? bad organisation of work,"1 - Mentioned 
2 - Not mentioned 

9 - DK",Q23.b.2,Are these interruptions mainly due to...? bad organisation of work,"1 - Mentioned 
2 - Not mentioned 

9 - DK",NA,NA,NA,NA,NA,NA,NA,NA,NA,NA
Interruptions (requests colleagues),NA,NA,NA,NA,NA,NA,NA,NA,NA,NA,Q20.b.3,Are these interruptions mainly due to...? requests from colleagues or superiors,"1 - Mentioned 
2 - Not mentioned 

9 - DK",Q23.b.3,Are these interruptions mainly due to...? requests from colleagues or superiors,"1 - Mentioned 
2 - Not mentioned 

9 - DK",NA,NA,NA,NA,NA,NA,NA,NA,NA,NA
Interruptions (requests clients),NA,NA,NA,NA,NA,NA,NA,NA,NA,NA,Q20.b.4,"Are these interruptions mainly due to...? external requests (clients, etc.)","1 - Mentioned 
2 - Not mentioned 

9 - DK",Q23.b.4,"Are these interruptions mainly due to...? external requests (clients, etc.)","1 - Mentioned 
2 - Not mentioned 

9 - DK",NA,NA,NA,NA,NA,NA,NA,NA,NA,NA
Interruptions (equipment),NA,NA,NA,NA,NA,NA,NA,NA,NA,NA,Q20.b.5,Are these interruptions mainly due to...? machines or equipment working badly,"1 - Mentioned 
2 - Not mentioned 

9 - DK",Q23.b.5,Are these interruptions mainly due to...? machines or equipment working badly,"1 - Mentioned 
2 - Not mentioned 

9 - DK",NA,NA,NA,NA,NA,NA,NA,NA,NA,NA
Interruptions (workplace),NA,NA,NA,NA,NA,NA,NA,NA,NA,NA,Q20.b.6,Are these interruptions mainly due to...? bad design of workplace or work station,"1 - Mentioned 
2 - Not mentioned 

9 - DK",Q23.b.6,Are these interruptions mainly due to...? bad design of workplace or work station,"1 - Mentioned 
2 - Not mentioned 

9 - DK",NA,NA,NA,NA,NA,NA,NA,NA,NA,NA
Interruptions (other),NA,NA,NA,NA,NA,NA,NA,NA,NA,NA,Q20.b.7,Are these interruptions mainly due to...? Other,"1 - Mentioned 
2 - Not mentioned 

9 - DK",Q23.b.7,Are these interruptions mainly due to...? Other,"1 - Mentioned 
2 - Not mentioned 

9 - DK",NA,NA,NA,NA,NA,NA,NA,NA,NA,NA
Influence work hours,NA,NA,NA,NA,NA,NA,NA,NA,NA,NA,Q23.4,"For each of the following statements, please answer yes or no. You can influence your working hours","1 - Yes
2 - No

3 - DK (spontaneous)",Q26.4,"For each of the following statements, please answer yes or no. You can influence your working hours","1 - Yes
2 - No

3 - DK (spontaneous)",NA,NA,NA,NA,NA,NA,NA,NA,NA,NA
private telephone,NA,NA,NA,NA,NA,NA,NA,NA,NA,NA,Q23.6,"For each of the following statements, please answer yes or no. You have access to a telephone for private calls","1 - Yes
2 - No

3 - DK (spontaneous)",Q26.6,"For each of the following statements, please answer yes or no. You have access to a telephone for private calls","1 - Yes
2 - No

3 - DK (spontaneous)",NA,NA,NA,NA,NA,NA,NA,NA,NA,NA
Responsibility (planning),NA,NA,NA,NA,NA,NA,NA,NA,NA,NA,Q24a.1,"In your job, do you have responsibility or not for...? production planning","1 - Yes
2 - No

3 - DK (spontaneous)",Q27a.1,"In your job, do you have responsibility or not for...? production planning","1 - Yes
2 - No

3 - DK (spontaneous)",NA,NA,NA,NA,NA,NA,NA,NA,NA,NA
Responsibility (staffing),NA,NA,NA,NA,NA,NA,NA,NA,NA,NA,Q24a.2,"In your job, do you have responsibility or not for...? Staffing","1 - Yes
2 - No

3 - DK (spontaneous)",Q27a.2,"In your job, do you have responsibility or not for...? Staffing","1 - Yes
2 - No

3 - DK (spontaneous)",NA,NA,NA,NA,NA,NA,NA,NA,NA,NA
Responsibility (times),NA,NA,NA,NA,NA,NA,NA,NA,NA,NA,Q24a.3,"In your job, do you have responsibility or not for...? working times and shifts","1 - Yes
2 - No

3 - DK (spontaneous)",Q27a.3,"In your job, do you have responsibility or not for...? working times and shifts","1 - Yes
2 - No

3 - DK (spontaneous)",NA,NA,NA,NA,NA,NA,NA,NA,NA,NA
Consultation (working conditions),NA,NA,NA,NA,NA,NA,NA,NA,NA,NA,Q27a.1,"Within your workplace, are you able to discuss...? your working conditions in general","1 - Yes
2 - No

3 - DK (spontaneous)",Q30a.1,"Within your workplace, are you able to discuss...? your working conditions in general","1 - Yes
2 - No

3 - DK (spontaneous)",NA,NA,NA,NA,NA,NA,NA,NA,NA,NA
Consultation (organisation),NA,NA,NA,NA,NA,NA,NA,NA,NA,NA,Q27a.2,"Within your workplace, are you able to discuss...? the organisation of your work when changes take place","1 - Yes
2 - No

3 - DK (spontaneous)",Q30a.2,"Within your workplace, are you able to discuss...? the organisation of your work when changes take place","1 - Yes
2 - No

3 - DK (spontaneous)",NA,NA,NA,NA,NA,NA,NA,NA,NA,NA
Exchange (colleagues),NA,NA,NA,NA,NA,NA,NA,NA,NA,NA,Q27b.1,Do these exchanges of views take place...? with your colleagues,"1 - Yes
2 - No

3 - DK (spontaneous)",Q30b.1,Do these exchanges of views take place...? with your colleagues,"1 - Yes
2 - No

3 - DK (spontaneous)",NA,NA,NA,NA,NA,NA,NA,NA,NA,NA
Exchange (superiors),NA,NA,NA,NA,NA,NA,NA,NA,NA,NA,Q27b.2,Do these exchanges of views take place...? with your superiors,"1 - Yes
2 - No

3 - DK (spontaneous)",Q30b.2,Do these exchanges of views take place...? with your superiors,"1 - Yes
2 - No

3 - DK (spontaneous)",NA,NA,NA,NA,NA,NA,NA,NA,NA,NA
Exchange (staff),NA,NA,NA,NA,NA,NA,NA,NA,NA,NA,Q27b.3,Do these exchanges of views take place...? with staff representatives,"1 - Yes
2 - No

3 - DK (spontaneous)",Q30b.3,Do these exchanges of views take place...? with staff representatives,"1 - Yes
2 - No

3 - DK (spontaneous)",NA,NA,NA,NA,NA,NA,NA,NA,NA,NA
Exchange (experts),NA,NA,NA,NA,NA,NA,NA,NA,NA,NA,Q27b.4,Do these exchanges of views take place...? with outside experts,"1 - Yes
2 - No

3 - DK (spontaneous)",Q30b.4,Do these exchanges of views take place...? with outside experts,"1 - Yes
2 - No

3 - DK (spontaneous)",NA,NA,NA,NA,NA,NA,NA,NA,NA,NA
Exchange (regular),NA,NA,NA,NA,NA,NA,NA,NA,NA,NA,Q27b.5,Do these exchanges of views take place...? on a regular basis,"1 - Yes
2 - No

3 - DK (spontaneous)",Q30b.5,Do these exchanges of views take place...? on a regular basis,"1 - Yes
2 - No

3 - DK (spontaneous)",NA,NA,NA,NA,NA,NA,NA,NA,NA,NA
Exchange (formal),NA,NA,NA,NA,NA,NA,NA,NA,NA,NA,Q27b.6,Do these exchanges of views take place...? on a formal basis,"1 - Yes
2 - No

3 - DK (spontaneous)",Q30b.6,Do these exchanges of views take place...? on a formal basis,"1 - Yes
2 - No

3 - DK (spontaneous)",NA,NA,NA,NA,NA,NA,NA,NA,NA,NA
Exchange improvements (personal),NA,NA,NA,NA,NA,NA,NA,NA,NA,NA,Q27c.1,"And, do these exchanges of views lead to improvements...? at your own personal workplace","1 - Yes
2 - No

3 - DK (spontaneous)",Q30c.1,"And, do these exchanges of views lead to improvements...? at your own personal workplace","1 - Yes
2 - No

3 - DK (spontaneous)",NA,NA,NA,NA,NA,NA,NA,NA,NA,NA
Exchange improvements (office),NA,NA,NA,NA,NA,NA,NA,NA,NA,NA,Q27c.2,"And, do these exchanges of views lead to improvements...? in your office or factory","1 - Yes
2 - No

3 - DK (spontaneous)",Q30c.2,"And, do these exchanges of views lead to improvements...? in your office or factory","1 - Yes
2 - No

3 - DK (spontaneous)",NA,NA,NA,NA,NA,NA,NA,NA,NA,NA
Exchange improvements (organisation),NA,NA,NA,NA,NA,NA,NA,NA,NA,NA,Q27c.3,"And, do these exchanges of views lead to improvements...? in the organisation as a whole","1 - Yes
2 - No

3 - DK (spontaneous)",Q30c.3,"And, do these exchanges of views lead to improvements...? in the organisation as a whole","1 - Yes
2 - No

3 - DK (spontaneous)",NA,NA,NA,NA,NA,NA,NA,NA,NA,NA
"Health outcomes (muscular, lower limbs)",NA,NA,NA,NA,NA,NA,NA,NA,NA,NA,Q31.i,"Does your work affect your health, or not? Yes, muscular pains in upper limbs","1 - Mentioned 
2 - Not mentioned 

9 - DK",Q35.i,"Does your work affect your health, or not? Yes, muscular pains in upper limbs","1 - Mentioned 
2 - Not mentioned 

9 - DK",NA,NA,NA,NA,NA,NA,NA,NA,NA,NA
Work schedule (daytime),NA,NA,NA,NA,NA,NA,NA,NA,NA,NA,NA,NA,NA,Q18a.4,Do you work…? In the daytime,"1 - Yes
2 - No

3 - DK (spontaneous)",NA,NA,NA,NA,NA,NA,NA,NA,NA,NA
Aware of existence (violence workplace),NA,NA,NA,NA,NA,NA,NA,NA,NA,NA,NA,NA,NA,Q32.1,"In the establishment where you work, are you aware of the existence of …? physical violence from people from your workplace","1 - Yes
2 - No

3 - DK (spontaneous)",NA,NA,NA,NA,NA,NA,NA,NA,NA,NA
Aware of existence (violence other),NA,NA,NA,NA,NA,NA,NA,NA,NA,NA,NA,NA,NA,Q32.2,"In the establishment where you work, are you aware of the existence of …? physical violence from other people","1 - Yes
2 - No

3 - DK (spontaneous)",NA,NA,NA,NA,NA,NA,NA,NA,NA,NA
Aware of existence (intimidation),NA,NA,NA,NA,NA,NA,NA,NA,NA,NA,NA,NA,NA,Q32.3,"In the establishment where you work, are you aware of the existence of …? Intimidation","1 - Yes
2 - No

3 - DK (spontaneous)",NA,NA,NA,NA,NA,NA,NA,NA,NA,NA
Aware of existence (sexual discrimination),NA,NA,NA,NA,NA,NA,NA,NA,NA,NA,NA,NA,NA,Q32.4,"In the establishment where you work, are you aware of the existence of …? sexual discrimination","1 - Yes
2 - No

3 - DK (spontaneous)",NA,NA,NA,NA,NA,NA,NA,NA,NA,NA
Aware of existence (sexual attention),NA,NA,NA,NA,NA,NA,NA,NA,NA,NA,NA,NA,NA,Q32.5,"In the establishment where you work, are you aware of the existence of …? unwanted sexual attention","1 - Yes
2 - No

3 - DK (spontaneous)",NA,NA,NA,NA,NA,NA,NA,NA,NA,NA
Aware of existence (age discrimination),NA,NA,NA,NA,NA,NA,NA,NA,NA,NA,NA,NA,NA,Q32.6,"In the establishment where you work, are you aware of the existence of …? age discrimination","1 - Yes
2 - No

3 - DK (spontaneous)",NA,NA,NA,NA,NA,NA,NA,NA,NA,NA
Aware of existence (nationality),NA,NA,NA,NA,NA,NA,NA,NA,NA,NA,NA,NA,NA,Q32.7,"In the establishment where you work, are you aware of the existence of …? discrimination linked to nationality","1 - Yes
2 - No

3 - DK (spontaneous)",NA,NA,NA,NA,NA,NA,NA,NA,NA,NA
Aware of existence (race),NA,NA,NA,NA,NA,NA,NA,NA,NA,NA,NA,NA,NA,Q32.8,"In the establishment where you work, are you aware of the existence of …? discrimination linked to ethnic background/race","1 - Yes
2 - No

3 - DK (spontaneous)",NA,NA,NA,NA,NA,NA,NA,NA,NA,NA
Aware of existence (disability),NA,NA,NA,NA,NA,NA,NA,NA,NA,NA,NA,NA,NA,Q32.9,"In the establishment where you work, are you aware of the existence of …? discrimination linked to disability","1 - Yes
2 - No

3 - DK (spontaneous)",NA,NA,NA,NA,NA,NA,NA,NA,NA,NA
Aware of existence (sexual orientation),NA,NA,NA,NA,NA,NA,NA,NA,NA,NA,NA,NA,NA,Q32.10,"In the establishment where you work, are you aware of the existence of …? discrimination linked to sexual orientation","1 - Yes
2 - No

3 - DK (spontaneous)",NA,NA,NA,NA,NA,NA,NA,NA,NA,NA
Health (better),NA,NA,NA,NA,NA,NA,NA,NA,NA,NA,NA,NA,NA,Q35.v,"Does your work affect your health, or not? Yes, My work improves my health","1 - Mentioned 
2 - Not mentioned 

9 - DK",Q34.18,Q34.18,q34c19,"Does your work affect your health, or not? Yes, My work improves my health","1 - Mentioned 
2 - Not mentioned 

9 - DK",NA,NA,NA,NA,NA
Household responsibility,NA,NA,NA,NA,NA,NA,NA,NA,NA,NA,NA,NA,NA,EF19.A,Are you…? In your household the person mainly responsible for ordinary shopping and looking after the home,"1 - Yes
2 - No

3 - DK (spontaneous)",D19A,Q41.A,d19a,Are you in your household? the person mainly responsible for ordinary shopping and looking after the home,"1 - Yes
2 - No

3 - DK (spontaneous)",NA,NA,NA,NA,NA
Adjust conditions (temperature),NA,NA,NA,NA,NA,NA,NA,NA,NA,NA,NA,NA,NA,NA,NA,NA,Q17.1,Q17.1,q17c1,"Which, if any, of the following working conditions can you adjust personally to your own comfort ? The temperature","1 - Mentioned 
2 - Not mentioned 

9 - DK",NA,NA,NA,NA,NA
Adjust conditions (lightning),NA,NA,NA,NA,NA,NA,NA,NA,NA,NA,NA,NA,NA,NA,NA,NA,Q17.2,Q17.2,q17c2,"Which, if any, of the following working conditions can you adjust personally to your own comfort ? The lighting","1 - Mentioned 
2 - Not mentioned 

9 - DK",NA,NA,NA,NA,NA
Adjust conditions (ventilation),NA,NA,NA,NA,NA,NA,NA,NA,NA,NA,NA,NA,NA,NA,NA,NA,Q17.3,Q17.3,q17c3,"Which, if any, of the following working conditions can you adjust personally to your own comfort ? The ventilation","1 - Mentioned 
2 - Not mentioned 

9 - DK",NA,NA,NA,NA,NA
Adjust conditions (workstation),NA,NA,NA,NA,NA,NA,NA,NA,NA,NA,NA,NA,NA,NA,NA,NA,Q17.4,Q17.4,q17c4,"Which, if any, of the following working conditions can you adjust personally to your own comfort ? The position of your desk, bench or workstation","1 - Mentioned 
2 - Not mentioned 

9 - DK",NA,NA,NA,NA,NA
Adjust conditions (seat),NA,NA,NA,NA,NA,NA,NA,NA,NA,NA,NA,NA,NA,NA,NA,NA,Q17.5,Q17.5,q17c5,"Which, if any, of the following working conditions can you adjust personally to your own comfort ? The position of your seat","1 - Mentioned 
2 - Not mentioned 

9 - DK",NA,NA,NA,NA,NA
Adjust conditions (equipment),NA,NA,NA,NA,NA,NA,NA,NA,NA,NA,NA,NA,NA,NA,NA,NA,Q17.6,Q17.6,q17c6,"Which, if any, of the following working conditions can you adjust personally to your own comfort ? The instruments or equipment you use","1 - Mentioned 
2 - Not mentioned 

9 - DK",NA,NA,NA,NA,NA
Adjust conditions (other),NA,NA,NA,NA,NA,NA,NA,NA,NA,NA,NA,NA,NA,NA,NA,NA,Q17.7,Q17.7,q17c7,"Which, if any, of the following working conditions can you adjust personally to your own comfort ? Other (specify)","1 - Mentioned 
2 - Not mentioned 

9 - DK",NA,NA,NA,NA,NA
Consultation (Colleagues),NA,NA,NA,NA,NA,NA,NA,NA,NA,NA,NA,NA,NA,NA,NA,NA,Q26.4,Q26.4,q26d,"Over the past 12 months, have you, or not ... ? Discussed work-related problems with your colleagues","1 - Yes
2 - No

3 - DK (spontaneous)",NA,NA,NA,NA,NA
Sexual equality,NA,NA,NA,NA,NA,NA,NA,NA,NA,NA,NA,NA,NA,NA,NA,NA,Q28,Q28,q28,"At your workplace, would you say that men and women have equal opportunities or not?","1 - Equal opportunities
2 - More opportunities for men
3 - More opportunities for women
4 - Other

5 - DK",NA,NA,NA,NA,NA
maternity protection (sick child),NA,NA,NA,NA,NA,NA,NA,NA,NA,NA,NA,NA,NA,NA,NA,NA,Q30.1,Q30.1,q30a_n,"Over and above any statutory requirements, does your company/employer additionally provide for? Sick child leave","1 - Yes
2 - No

3 - NA
4 - DK (spontaneous)",NA,NA,NA,NA,NA
maternity protection (maternity),NA,NA,NA,NA,NA,NA,NA,NA,NA,NA,NA,NA,NA,NA,NA,NA,Q30.2,Q30.2,q30b_n,"Over and above any statutory requirements, does your company/employer additionally provide for? Maternity leave","1 - Yes
2 - No

3 - NA
4 - DK (spontaneous)",NA,NA,NA,NA,NA
maternity protection (parental),NA,NA,NA,NA,NA,NA,NA,NA,NA,NA,NA,NA,NA,NA,NA,NA,Q30.3,Q30.3,q30c_n,"Over and above any statutory requirements, does your company/employer additionally provide for? Parental leave","1 - Yes
2 - No

3 - NA
4 - DK (spontaneous)",NA,NA,NA,NA,NA
maternity protection (child day care),NA,NA,NA,NA,NA,NA,NA,NA,NA,NA,NA,NA,NA,NA,NA,NA,Q30.4,Q30.4,q30d_n,"Over and above any statutory requirements, does your company/employer additionally provide for? Child Day Care","1 - Yes
2 - No

3 - NA
4 - DK (spontaneous)",NA,NA,NA,NA,NA
Health (personal),NA,NA,NA,NA,NA,NA,NA,NA,NA,NA,NA,NA,NA,NA,NA,NA,Q34.16,Q34.16,q34c17,"Does your work affect your health, or not? Yes, personal problems","1 - Mentioned 
2 - Not mentioned 

9 - DK",NA,NA,NA,NA,NA
Health problem (chronic),NA,NA,NA,NA,NA,NA,NA,NA,NA,NA,NA,NA,NA,NA,NA,NA,Q35,Q35,q35r,Is your job mare difficult for .you because of any chronic or permanent health problem?,"1 - no, never
2 - yes, all the time
3 - yes, almost all of the time
4 - yes, around 3/4 of the time
5 - yes, around half of the time
6 - yes, around 1/4 of the time
7 - yes, but hardly ever

8 - don'tknow",NA,NA,NA,NA,NA
new job (safety),NA,NA,NA,NA,NA,NA,NA,NA,NA,NA,NA,NA,NA,NA,NA,NA,Q33,Q33,q33_n,"Over the past 5 years, have you changed your job in order to seek a healthier or less dangerous job, or not?","1 - yes, I have
2 - no, but I tried to
3 - No and I did not try to",A25,Q17,a25,Over the past 10 years have you changed job in order to seek a healthier or safer work?,"1 - yes, I have
2 - no, but I tried to
3 - No and I did not try to

4 - DK"
conditions (adequate information),NA,NA,NA,NA,NA,NA,NA,NA,NA,NA,NA,NA,NA,NA,NA,NA,NA,NA,NA,NA,NA,A13_a,Q14_a,q13_1,In order to carry out your work do you have: clear and adequate information?,"1 - Yes
2 - No

3 - DK (spontaneous)"
conditions (machines and tools),NA,NA,NA,NA,NA,NA,NA,NA,NA,NA,NA,NA,NA,NA,NA,NA,NA,NA,NA,NA,NA,A13_c,Q14_c,q13_3,In order to carry out your work do you have: appropriate machines and tools?,"1 - Yes
2 - No

3 - DK (spontaneous)"
conditions (premises and furniture),NA,NA,NA,NA,NA,NA,NA,NA,NA,NA,NA,NA,NA,NA,NA,NA,NA,NA,NA,NA,NA,A14_d,Q14_d,q13_4,In order to carry out your work do you have: appropriate premises and furniture,"1 - Yes
2 - No

3 - DK (spontaneous)"
working hours (day),NA,NA,NA,NA,NA,NA,NA,NA,NA,NA,NA,NA,NA,NA,NA,NA,NA,NA,NA,NA,NA,A2,Q18,a2,How many hours do you usually work per day?,# Number of hours per day
risks (equipment),NA,NA,NA,NA,NA,NA,NA,NA,NA,NA,NA,NA,NA,NA,NA,NA,NA,NA,NA,NA,NA,A5,-,a5,"Do you use machines, or equipment that could be dangerous ?","1 - All of the time
2 - Almost all the time
3 - Around 3/4 of the time
4 - Around half he time
5 - Around 1/4 of the time
6 - Almost never
7 - Never

8 - DK"
risks (general),NA,NA,NA,NA,NA,NA,NA,NA,NA,NA,NA,NA,NA,NA,NA,NA,NA,NA,NA,NA,NA,A8,-,a8,Do you think that your work makes you run the risk of accident or injury ?,"1 - Yes, very much
2 - Yes, a bit
3 - No, not really
4 - No, not at all

5 - DK"
risks (explosion),NA,NA,NA,NA,NA,NA,NA,NA,NA,NA,NA,NA,NA,NA,NA,NA,NA,NA,NA,NA,NA,A9c01,-,a9c01,What kind of risks do you run at work ? Explosion,"1 - Mentioned 
2 - Not mentioned"
risks (poisoning),NA,NA,NA,NA,NA,NA,NA,NA,NA,NA,NA,NA,NA,NA,NA,NA,NA,NA,NA,NA,NA,A9c02,-,a9c02,What kind of risks do you run at work ? Poisoning/polluted environment,"1 - Mentioned 
2 - Not mentioned"
risks (cutting),NA,NA,NA,NA,NA,NA,NA,NA,NA,NA,NA,NA,NA,NA,NA,NA,NA,NA,NA,NA,NA,A9c03,-,a9c03,What kind of risks do you run at work ? Cutting yourself,"1 - Mentioned 
2 - Not mentioned"
risks (burning),NA,NA,NA,NA,NA,NA,NA,NA,NA,NA,NA,NA,NA,NA,NA,NA,NA,NA,NA,NA,NA,A9c04,-,a9c04,What kind of risks do you run at work ? Burning yourself,"1 - Mentioned 
2 - Not mentioned"
risks (drowning),NA,NA,NA,NA,NA,NA,NA,NA,NA,NA,NA,NA,NA,NA,NA,NA,NA,NA,NA,NA,NA,A9c05,-,a9c05,What kind of risks do you run at work ? Drowning,"1 - Mentioned 
2 - Not mentioned"
risks (falling),NA,NA,NA,NA,NA,NA,NA,NA,NA,NA,NA,NA,NA,NA,NA,NA,NA,NA,NA,NA,NA,A9c06,-,a9c06,What kind of risks do you run at work ? Falling,"1 - Mentioned 
2 - Not mentioned"
risks (being crushed),NA,NA,NA,NA,NA,NA,NA,NA,NA,NA,NA,NA,NA,NA,NA,NA,NA,NA,NA,NA,NA,A9c07,-,a9c07,What kind of risks do you run at work ? Being crushed,"1 - Mentioned 
2 - Not mentioned"
risks (weights),NA,NA,NA,NA,NA,NA,NA,NA,NA,NA,NA,NA,NA,NA,NA,NA,NA,NA,NA,NA,NA,A9c08,-,a9c08,What kind of risks do you run at work ? Hurting yourself by carrying heavy weights,"1 - Mentioned 
2 - Not mentioned"
risks (electrocution),NA,NA,NA,NA,NA,NA,NA,NA,NA,NA,NA,NA,NA,NA,NA,NA,NA,NA,NA,NA,NA,A9c09,-,a9c09,What kind of risks do you run at work ? Electrocution,"1 - Mentioned 
2 - Not mentioned"
risks (falling objects),NA,NA,NA,NA,NA,NA,NA,NA,NA,NA,NA,NA,NA,NA,NA,NA,NA,NA,NA,NA,NA,A9c10,-,a9c10,What kind of risks do you run at work ? Falling objects,"1 - Mentioned 
2 - Not mentioned"
risks (traffic),NA,NA,NA,NA,NA,NA,NA,NA,NA,NA,NA,NA,NA,NA,NA,NA,NA,NA,NA,NA,NA,A9c11,-,a9c11,What kind of risks do you run at work ? Traffic accidents (excluding travelling to and from work),"1 - Mentioned 
2 - Not mentioned"
risks (other),NA,NA,NA,NA,NA,NA,NA,NA,NA,NA,NA,NA,NA,NA,NA,NA,NA,NA,NA,NA,NA,A9c12,-,a9c12,What kind of risks do you run at work ? Other types of danger,"1 - Mentioned 
2 - Not mentioned"
work illness (colleagues),NA,NA,NA,NA,NA,NA,NA,NA,NA,NA,NA,NA,NA,NA,NA,NA,NA,NA,NA,NA,NA,A15,-,a15,Do you know any colleagues who suffer from work-related illnesses or who have had an accident at work ?,"1 - Yes
2 - No

3 - DK (spontaneous)"
work illness (self),NA,NA,NA,NA,NA,NA,NA,NA,NA,NA,NA,NA,NA,NA,NA,NA,NA,NA,NA,NA,NA,A17,-,a17,"Do you yourself have, or have you had, any work-related illness or accident","1 - Yes
2 - No

3 - DK (spontaneous)"
# of accidents,NA,NA,NA,NA,NA,NA,NA,NA,NA,NA,NA,NA,NA,NA,NA,NA,NA,NA,NA,NA,NA,A18,-,a18,How many accidents at work have you had that resulted in stopping work for more than one week ?,# Number of accidents
safety (satisfaction),NA,NA,NA,NA,NA,NA,NA,NA,NA,NA,NA,NA,NA,NA,NA,NA,NA,NA,NA,NA,NA,A19,-,a19,"How satisfied are you with the actions taken to ensure the safety, hygiene and health of people at your current place of work? Are you... ?","1 - Very satisfied
2 - Quite satisfied
3 - Quite dissatisfied
4 - Very dissatisfied

5 - DK"
safety (work efficiency),NA,NA,NA,NA,NA,NA,NA,NA,NA,NA,NA,NA,NA,NA,NA,NA,NA,NA,NA,NA,NA,A20,-,a20,"Do you think that an improvement of safety, hygiene and health standards at your place of work would also help you to do your work more efficiently ?","1 - Definitely
2 - Probably
3 - Probably not
4 - Not at all

5 - DK."
safety (who is responsible),NA,NA,NA,NA,NA,NA,NA,NA,NA,NA,NA,NA,NA,NA,NA,NA,NA,NA,NA,NA,NA,A21,-,a21,"Do you know any person who is responsible for safety, hygiene or health where you work ?","1 - Yes
2 - No"
safety (Training),NA,NA,NA,NA,NA,NA,NA,NA,NA,NA,NA,NA,NA,NA,NA,NA,NA,NA,NA,NA,NA,A23,-,a23,"Have you had a training course concerning safety, hygiene or health, for your current job ?","1 - Yes
2 - No

3 - DK (spontaneous)"
safety (participation),NA,NA,NA,NA,NA,NA,NA,NA,NA,NA,NA,NA,NA,NA,NA,NA,NA,NA,NA,NA,NA,A24,-,a24,"Have you ever had the chance to give an opinion or make suggestions about improving safety, hygiene or health standards
at your workplace ?","1 - Yes, I have
2 - No, but I tried
3 - No, and I did not try

4 - DK"
risks (in country),NA,NA,NA,NA,NA,NA,NA,NA,NA,NA,NA,NA,NA,NA,NA,NA,NA,NA,NA,NA,NA,A26,-,a26,Do you think that work-related illnesses and accidents at work are (IN YOUR COUNTRY),"1 - Very common
2 - Common
3 - Rare
4 - Very rare

5 - DK"
risks (at workplace),NA,NA,NA,NA,NA,NA,NA,NA,NA,NA,NA,NA,NA,NA,NA,NA,NA,NA,NA,NA,NA,A27,-,a27,"And at your workplace, do you think that work-related illnesses and accidents are","1 - Very common
2 - Common
3 - Rare
4 - Very rare

5 - DK"
safety (responsibilty),NA,NA,NA,NA,NA,NA,NA,NA,NA,NA,NA,NA,NA,NA,NA,NA,NA,NA,NA,NA,NA,A28_a,-,a28a,"Still concerning accidents at work and the protection of health at the workplace, who should mainly be responsible
for reducing the number of accidents at work and work-related illnesses ?","1 - Mentioned 
2 - Not mentioned 

*1 The company
*2 The government 
*3 The European Community 
*4 Each worker
*5 DK

"
safety (responsibilty),NA,NA,NA,NA,NA,NA,NA,NA,NA,NA,NA,NA,NA,NA,NA,NA,NA,NA,NA,NA,NA,A28_b,-,a28b,And who else?,"1 - Mentioned 
2 - Not mentioned 

*1 The company
*2 The government 
*3 The European Community 
*4 Each worker
*5 DK

"
safety (EC informations),NA,NA,NA,NA,NA,NA,NA,NA,NA,NA,NA,NA,NA,NA,NA,NA,NA,NA,NA,NA,NA,A29,-,a29,"Have you read, seen or heard anything about the activities of the European Community in the field of safety, hygiene
and health at places of work ?","1 - Yes
2 - No

3 - DK (spontaneous)"
safety (EC informations),NA,NA,NA,NA,NA,NA,NA,NA,NA,NA,NA,NA,NA,NA,NA,NA,NA,NA,NA,NA,NA,A30,-,a30,How were you informed about it ?,"1 - Television
2 - Radio
3 - Newspapers
4 - Magazines
5 - Specialists press
6 - Your company
7 - Worker's organisations
8 - Employer's organisations
9 - At school
10 - Other sources

11 - DK"
safety (EC informations),NA,NA,NA,NA,NA,NA,NA,NA,NA,NA,NA,NA,NA,NA,NA,NA,NA,NA,NA,NA,NA,A31,-,a31,"Would you like to receive more information on the actions of the European Community concerning the protection of
workers in companies and institutions such as yours ?","1 - Yes
2 - No

3 - DK (spontaneous)"
safety (EC law),NA,NA,NA,NA,NA,NA,NA,NA,NA,NA,NA,NA,NA,NA,NA,NA,NA,NA,NA,NA,NA,A32,-,a32,"Would you be for or aginst the application of common legislation in all the countries of the European Community,concerning safety, hygiene or health at places of work ? Would you be ... ?","1 - For - very much
2 - For - to some extent
3 - Against - to some extent
4 - Against - very much

5 - DK"
safety (best countries),NA,NA,NA,NA,NA,NA,NA,NA,NA,NA,NA,NA,NA,NA,NA,NA,NA,NA,NA,NA,NA,A33_a,-,a33a,"Which three member countries of the EC, do you think have the most advanced legislation for safety, hygiene or health, at places of work ?","1 - Mentioned 
2 - Not mentioned 

*1 Belgium
*2 Denmark
*3 Germany (ex-BRD)
*4 Germany (ex-DDR)
*5 Greece
*6 Spain
*7 France
*8 Ireland
*9 Italy
*10 the Netherlands
*11 Luxembourg
*12 Portugal
*13 United Kingdom
*14 DK"
safety (worst countries),NA,NA,NA,NA,NA,NA,NA,NA,NA,NA,NA,NA,NA,NA,NA,NA,NA,NA,NA,NA,NA,A33_b,-,a33b,And which three member countries have the least advanced legislation in this areas ?,"1 - Mentioned 
2 - Not mentioned 

*1 Belgium
*2 Denmark
*3 Germany (ex-BRD)
*4 Germany (ex-DDR)
*5 Greece
*6 Spain
*7 France
*8 Ireland
*9 Italy
*10 the Netherlands
*11 Luxembourg
*12 Portugal
*13 United Kingdom
*14 DK"
safety (community improvement),NA,NA,NA,NA,NA,NA,NA,NA,NA,NA,NA,NA,NA,NA,NA,NA,NA,NA,NA,NA,NA,A34,-,a34,"Here is a statement that some people have made about this subject. Could you tell me whether you agree strongly with
this statement, agree slightly, disagree slightly or disagree strongly ? COMMUNITY LEGISLATION WILL IMPROVE MY OWN HEALTH AND SAFETY CONDITIONS AT THE PLACE WHERE I WORK","1 - Agree strongly
2 - Agree slightly
3 - Disagree slightly
4 - Disagree strongly

5 - DK"
last occupation,NA,NA,NA,NA,NA,NA,NA,NA,NA,NA,NA,NA,NA,NA,NA,NA,NA,NA,NA,NA,NA,D18,-,d18r,Did you do any paid work in the past ? (IF YES) What was your last occupation,"SELF EMPLOYED
01 - FARMER
02 - FISHERMAN
03 - PROFESSIONAL (LAWYER, MEDICAL PRACTITIONER, ACCOUNTANT, ETC ...)
04 - OWNERS OF SHOPS OR COMPANIES, CRAFTSMEN, BUSINESS PROPRIETORS

EMPLOYED
05 - EMPLOYED PROFESSIONAL (EMPLOYED LAWYER, MEDICAL PRACTITIONER, ACCOUNTANT)
06 - GENERAL MANAGEMENT
07 - MIDDLE MANAGEMENT
08 - OTHER OFFICE EMPLOYEES
09 - NON-OFFICE EMPLOYEES, NON MANUAL WORKERS (SHOP ASSISTANTS, ETC ...)
10 - SUPERVISORS
11 - SKILLED MANUAL WORKER
12 - OTHER MANUAL WORKER

00 - NEVER DID ANY PAID WORK"
